City,Date,AQI,PM2.5,PM10,NO2,SO2,CO,O3,STATION,NAME,precip,temperature,tmax,tmin,day,month,year,hour
Bangalore,2018-02-10,84,46.2,90.72,69.72,95.76,0.88,79.8,IN009010100,"BANGALORE, IN",0.06,76,89.0,67.0,10,2,2018,0
Bangalore,2018-02-11,88,48.4,95.04,73.04,100.32,0.92,83.6,IN009010100,"BANGALORE, IN",0.0,75,87.0,64.0,11,2,2018,0
Bangalore,2018-03-14,70,38.5,75.6,58.1,79.8,0.74,66.5,IN009010100,"BANGALORE, IN",0.0,80,89.0,72.0,14,3,2018,0
Bangalore,2018-03-17,73,40.15,78.84,60.59,83.22,0.77,69.35,IN009010100,"BANGALORE, IN",0.0,75,90.0,66.0,17,3,2018,0
Bangalore,2018-03-18,54,29.7,58.32,44.82,61.56,0.57,51.3,IN009010100,"BANGALORE, IN",0.0,76,84.0,69.0,18,3,2018,0
Bangalore,2018-03-31,117,64.35,126.36,97.11,133.38,1.23,111.15,IN009010100,"BANGALORE, IN",0.13,79,95.0,70.0,31,3,2018,0
Bangalore,2018-04-01,112,61.6,120.96,92.96,127.68,1.18,106.4,IN009010100,"BANGALORE, IN",0.0,82,92.0,70.0,1,4,2018,0
Bangalore,2018-04-03,97,53.35,104.76,80.51,110.58,1.02,92.15,IN009010100,"BANGALORE, IN",0.54,79,92.0,68.0,3,4,2018,0
Bangalore,2018-04-04,106,58.3,114.48,87.98,120.84,1.11,100.7,IN009010100,"BANGALORE, IN",0.0,79,89.0,71.0,4,4,2018,0
Bangalore,2018-04-17,69,37.95,74.52,57.27,78.66,0.72,65.55,IN009010100,"BANGALORE, IN",0.46,83,94.0,72.0,17,4,2018,0
Bangalore,2018-04-23,74,40.7,79.92,61.42,84.36,0.78,70.3,IN009010100,"BANGALORE, IN",0.19,81,93.0,72.0,23,4,2018,0
Bangalore,2018-04-25,74,40.7,79.92,61.42,84.36,0.78,70.3,IN009010100,"BANGALORE, IN",0.15,80,93.0,72.0,25,4,2018,0
Bangalore,2018-04-27,96,52.8,103.68,79.68,109.44,1.01,91.2,IN009010100,"BANGALORE, IN",0.02,83,94.0,72.0,27,4,2018,0
Bangalore,2018-04-28,95,52.25,102.6,78.85,108.3,1.0,90.25,IN009010100,"BANGALORE, IN",0.0,82,94.0,72.0,28,4,2018,0
Bangalore,2018-04-30,80,44.0,86.4,66.4,91.2,0.84,76.0,IN009010100,"BANGALORE, IN",0.01,81,95.0,74.0,30,4,2018,0
Bangalore,2018-05-01,108,59.4,116.64,89.64,123.12,1.13,102.6,IN009010100,"BANGALORE, IN",0.22,80,95.0,71.0,1,5,2018,0
Bangalore,2018-05-04,96,52.8,103.68,79.68,109.44,1.01,91.2,IN009010100,"BANGALORE, IN",1.55,79,92.0,67.0,4,5,2018,0
Bangalore,2018-05-05,115,63.25,124.2,95.45,131.1,1.21,109.25,IN009010100,"BANGALORE, IN",0.0,81,90.0,74.0,5,5,2018,0
Bangalore,2018-05-09,67,36.85,72.36,55.61,76.38,0.7,63.65,IN009010100,"BANGALORE, IN",0.0,81,91.0,71.0,9,5,2018,0
Bangalore,2018-05-12,65,35.75,70.2,53.95,74.1,0.68,61.75,IN009010100,"BANGALORE, IN",1.35,78,90.0,68.0,12,5,2018,0
Bangalore,2018-05-14,74,40.7,79.92,61.42,84.36,0.78,70.3,IN009010100,"BANGALORE, IN",0.7,75,90.0,70.0,14,5,2018,0
Bangalore,2018-05-15,55,30.25,59.4,45.65,62.7,0.58,52.25,IN009010100,"BANGALORE, IN",0.65,77,89.0,69.0,15,5,2018,0
Bangalore,2018-05-16,63,34.65,68.04,52.29,71.82,0.66,59.85,IN009010100,"BANGALORE, IN",0.17,79,90.0,69.0,16,5,2018,0
Bangalore,2018-05-17,82,45.1,88.56,68.06,93.48,0.86,77.9,IN009010100,"BANGALORE, IN",0.0,80,88.0,71.0,17,5,2018,0
Bangalore,2018-05-20,82,45.1,88.56,68.06,93.48,0.86,77.9,IN009010100,"BANGALORE, IN",0.34,77,90.0,69.0,20,5,2018,0
Bangalore,2018-05-24,64,35.2,69.12,53.12,72.96,0.67,60.8,IN009010100,"BANGALORE, IN",0.98,79,89.0,69.0,24,5,2018,0
Bangalore,2018-05-27,73,40.15,78.84,60.59,83.22,0.77,69.35,IN009010100,"BANGALORE, IN",0.0,79,87.0,72.0,27,5,2018,0
Bangalore,2018-05-28,64,35.2,69.12,53.12,72.96,0.67,60.8,IN009010100,"BANGALORE, IN",0.0,79,90.0,72.0,28,5,2018,0
Bangalore,2018-05-31,69,37.95,74.52,57.27,78.66,0.72,65.55,IN009010100,"BANGALORE, IN",0.41,78,85.0,70.0,31,5,2018,0
Bangalore,2018-06-02,79,43.45,85.32,65.57,90.06,0.83,75.05,IN009010100,"BANGALORE, IN",0.06,75,88.0,70.0,2,6,2018,0
Bangalore,2018-06-04,59,32.45,63.72,48.97,67.26,0.62,56.05,IN009010100,"BANGALORE, IN",0.24,75,87.0,70.0,4,6,2018,0
Bangalore,2018-06-06,57,31.35,61.56,47.31,64.98,0.6,54.15,IN009010100,"BANGALORE, IN",0.0,78,85.0,71.0,6,6,2018,0
Bangalore,2018-06-07,64,35.2,69.12,53.12,72.96,0.67,60.8,IN009010100,"BANGALORE, IN",0.0,75,86.0,71.0,7,6,2018,0
Bangalore,2018-06-09,58,31.9,62.64,48.14,66.12,0.61,55.1,IN009010100,"BANGALORE, IN",0.15,72,78.0,69.0,9,6,2018,0
Bangalore,2018-06-20,57,31.35,61.56,47.31,64.98,0.6,54.15,IN009010100,"BANGALORE, IN",0.0,74,84.0,69.0,20,6,2018,0
Bangalore,2018-06-22,65,35.75,70.2,53.95,74.1,0.68,61.75,IN009010100,"BANGALORE, IN",0.0,74,82.0,67.0,22,6,2018,0
Bangalore,2018-06-23,62,34.1,66.96,51.46,70.68,0.65,58.9,IN009010100,"BANGALORE, IN",0.04,72,82.0,69.0,23,6,2018,0
Bangalore,2018-06-24,59,32.45,63.72,48.97,67.26,0.62,56.05,IN009010100,"BANGALORE, IN",0.48,74,82.0,67.0,24,6,2018,0
Bangalore,2018-06-25,75,41.25,81.0,62.25,85.5,0.79,71.25,IN009010100,"BANGALORE, IN",0.0,74,82.0,68.0,25,6,2018,0
Bangalore,2018-06-26,58,31.9,62.64,48.14,66.12,0.61,55.1,IN009010100,"BANGALORE, IN",0.0,74,83.0,68.0,26,6,2018,0
Bangalore,2018-07-03,54,29.7,58.32,44.82,61.56,0.57,51.3,IN009010100,"BANGALORE, IN",0.02,76,86.0,69.0,3,7,2018,0
Bangalore,2018-07-04,56,30.8,60.48,46.48,63.84,0.59,53.2,IN009010100,"BANGALORE, IN",0.0,75,84.0,69.0,4,7,2018,0
Bangalore,2018-07-08,53,29.15,57.24,43.99,60.42,0.56,50.35,IN009010100,"BANGALORE, IN",0.0,72,80.0,69.0,8,7,2018,0
Bangalore,2018-07-09,56,30.8,60.48,46.48,63.84,0.59,53.2,IN009010100,"BANGALORE, IN",0.04,73,80.0,69.0,9,7,2018,0
Bangalore,2018-07-10,56,30.8,60.48,46.48,63.84,0.59,53.2,IN009010100,"BANGALORE, IN",0.08,73,80.0,69.0,10,7,2018,0
Bangalore,2018-07-11,68,37.4,73.44,56.44,77.52,0.71,64.6,IN009010100,"BANGALORE, IN",1.27,72,81.0,69.0,11,7,2018,0
Bangalore,2018-07-12,50,27.5,54.0,41.5,57.0,0.53,47.5,IN009010100,"BANGALORE, IN",0.17,73,81.0,68.0,12,7,2018,0
Bangalore,2018-07-13,45,24.75,48.6,37.35,51.3,0.47,42.75,IN009010100,"BANGALORE, IN",0.0,72,81.0,69.0,13,7,2018,0
Bangalore,2018-07-14,54,29.7,58.32,44.82,61.56,0.57,51.3,IN009010100,"BANGALORE, IN",0.18,72,80.0,69.0,14,7,2018,0
Bangalore,2018-07-16,49,26.95,52.92,40.67,55.86,0.51,46.55,IN009010100,"BANGALORE, IN",0.0,72,83.0,68.0,16,7,2018,0
Bangalore,2018-07-20,43,23.65,46.44,35.69,49.02,0.45,40.85,IN009010100,"BANGALORE, IN",0.0,73,81.0,69.0,20,7,2018,0
Bangalore,2018-07-21,49,26.95,52.92,40.67,55.86,0.51,46.55,IN009010100,"BANGALORE, IN",0.0,73,80.0,69.0,21,7,2018,0
Bangalore,2018-07-27,62,34.1,66.96,51.46,70.68,0.65,58.9,IN009010100,"BANGALORE, IN",0.0,74,81.0,69.0,27,7,2018,0
Bangalore,2018-07-29,51,28.05,55.08,42.33,58.14,0.54,48.45,IN009010100,"BANGALORE, IN",0.47,75,81.0,69.0,29,7,2018,0
Bangalore,2018-07-30,70,38.5,75.6,58.1,79.8,0.74,66.5,IN009010100,"BANGALORE, IN",0.02,75,82.0,69.0,30,7,2018,0
Bangalore,2018-07-31,57,31.35,61.56,47.31,64.98,0.6,54.15,IN009010100,"BANGALORE, IN",0.19,74,83.0,69.0,31,7,2018,0
Bangalore,2018-08-01,56,30.8,60.48,46.48,63.84,0.59,53.2,IN009010100,"BANGALORE, IN",0.21,71,81.0,67.0,1,8,2018,0
Bangalore,2018-08-03,46,25.3,49.68,38.18,52.44,0.48,43.7,IN009010100,"BANGALORE, IN",0.0,74,83.0,69.0,3,8,2018,0
Bangalore,2018-08-04,75,41.25,81.0,62.25,85.5,0.79,71.25,IN009010100,"BANGALORE, IN",0.1,73,84.0,68.0,4,8,2018,0
Bangalore,2018-08-05,73,40.15,78.84,60.59,83.22,0.77,69.35,IN009010100,"BANGALORE, IN",0.0,75,82.0,69.0,5,8,2018,0
Bangalore,2018-08-06,56,30.8,60.48,46.48,63.84,0.59,53.2,IN009010100,"BANGALORE, IN",0.02,73,83.0,68.0,6,8,2018,0
Bangalore,2018-08-07,59,32.45,63.72,48.97,67.26,0.62,56.05,IN009010100,"BANGALORE, IN",0.45,71,82.0,67.0,7,8,2018,0
Bangalore,2018-08-08,51,28.05,55.08,42.33,58.14,0.54,48.45,IN009010100,"BANGALORE, IN",0.14,72,78.0,68.0,8,8,2018,0
Bangalore,2018-08-10,58,31.9,62.64,48.14,66.12,0.61,55.1,IN009010100,"BANGALORE, IN",0.0,73,83.0,69.0,10,8,2018,0
Bangalore,2018-08-11,48,26.4,51.84,39.84,54.72,0.5,45.6,IN009010100,"BANGALORE, IN",0.07,71,80.0,68.0,11,8,2018,0
Bangalore,2018-08-13,43,23.65,46.44,35.69,49.02,0.45,40.85,IN009010100,"BANGALORE, IN",0.13,71,76.0,67.0,13,8,2018,0
Bangalore,2018-08-15,46,25.3,49.68,38.18,52.44,0.48,43.7,IN009010100,"BANGALORE, IN",0.25,72,78.0,68.0,15,8,2018,0
Bangalore,2018-08-16,45,24.75,48.6,37.35,51.3,0.47,42.75,IN009010100,"BANGALORE, IN",0.42,72,78.0,68.0,16,8,2018,0
Bangalore,2018-08-18,51,28.05,55.08,42.33,58.14,0.54,48.45,IN009010100,"BANGALORE, IN",0.0,74,81.0,68.0,18,8,2018,0
Bangalore,2018-08-19,54,29.7,58.32,44.82,61.56,0.57,51.3,IN009010100,"BANGALORE, IN",0.0,74,81.0,69.0,19,8,2018,0
Bangalore,2018-08-20,52,28.6,56.16,43.16,59.28,0.55,49.4,IN009010100,"BANGALORE, IN",0.0,73,81.0,68.0,20,8,2018,0
Bangalore,2018-08-23,57,31.35,61.56,47.31,64.98,0.6,54.15,IN009010100,"BANGALORE, IN",0.0,74,82.0,69.0,23,8,2018,0
Bangalore,2018-08-24,52,28.6,56.16,43.16,59.28,0.55,49.4,IN009010100,"BANGALORE, IN",0.13,72,84.0,68.0,24,8,2018,0
Bangalore,2018-08-27,52,28.6,56.16,43.16,59.28,0.55,49.4,IN009010100,"BANGALORE, IN",0.33,71,83.0,67.0,27,8,2018,0
Bangalore,2018-08-30,56,30.8,60.48,46.48,63.84,0.59,53.2,IN009010100,"BANGALORE, IN",0.12,74,83.0,69.0,30,8,2018,0
Bangalore,2018-08-31,57,31.35,61.56,47.31,64.98,0.6,54.15,IN009010100,"BANGALORE, IN",0.78,74,84.0,69.0,31,8,2018,0
Bangalore,2018-09-01,68,37.4,73.44,56.44,77.52,0.71,64.6,IN009010100,"BANGALORE, IN",0.0,75,83.0,68.0,1,9,2018,0
Bangalore,2018-09-02,55,30.25,59.4,45.65,62.7,0.58,52.25,IN009010100,"BANGALORE, IN",0.01,75,83.0,69.0,2,9,2018,0
Bangalore,2018-09-03,55,30.25,59.4,45.65,62.7,0.58,52.25,IN009010100,"BANGALORE, IN",0.0,76,85.0,67.0,3,9,2018,0
Bangalore,2018-09-07,71,39.05,76.68,58.93,80.94,0.75,67.45,IN009010100,"BANGALORE, IN",0.0,76,85.0,69.0,7,9,2018,0
Bangalore,2018-09-08,45,24.75,48.6,37.35,51.3,0.47,42.75,IN009010100,"BANGALORE, IN",0.0,76,84.0,68.0,8,9,2018,0
Bangalore,2018-09-12,78,42.9,84.24,64.74,88.92,0.82,74.1,IN009010100,"BANGALORE, IN",0.0,79,88.0,70.0,12,9,2018,0
Bangalore,2018-09-24,80,44.0,86.4,66.4,91.2,0.84,76.0,IN009010100,"BANGALORE, IN",2.09,73,84.0,66.0,24,9,2018,0
Bangalore,2018-09-26,81,44.55,87.48,67.23,92.34,0.85,76.95,IN009010100,"BANGALORE, IN",0.01,76,85.0,69.0,26,9,2018,0
Bangalore,2018-09-27,65,35.75,70.2,53.95,74.1,0.68,61.75,IN009010100,"BANGALORE, IN",1.27,75,87.0,68.0,27,9,2018,0
Bangalore,2018-09-29,53,29.15,57.24,43.99,60.42,0.56,50.35,IN009010100,"BANGALORE, IN",0.17,78,86.0,71.0,29,9,2018,0
Bangalore,2018-09-30,62,34.1,66.96,51.46,70.68,0.65,58.9,IN009010100,"BANGALORE, IN",0.0,78,86.0,71.0,30,9,2018,0
Bangalore,2018-10-01,61,33.55,65.88,50.63,69.54,0.64,57.95,IN009010100,"BANGALORE, IN",0.01,78,88.0,71.0,1,10,2018,0
Bangalore,2018-10-02,46,25.3,49.68,38.18,52.44,0.48,43.7,IN009010100,"BANGALORE, IN",0.0,77,87.0,70.0,2,10,2018,0
Bangalore,2018-10-03,50,27.5,54.0,41.5,57.0,0.53,47.5,IN009010100,"BANGALORE, IN",0.01,75,87.0,71.0,3,10,2018,0
Bangalore,2018-10-06,41,22.55,44.28,34.03,46.74,0.43,38.95,IN009010100,"BANGALORE, IN",0.1,72,80.0,69.0,6,10,2018,0
Bangalore,2018-10-08,82,45.1,88.56,68.06,93.48,0.86,77.9,IN009010100,"BANGALORE, IN",0.0,75,85.0,69.0,8,10,2018,0
Bangalore,2018-10-09,72,39.6,77.76,59.76,82.08,0.76,68.4,IN009010100,"BANGALORE, IN",0.17,76,85.0,69.0,9,10,2018,0
Bangalore,2018-10-15,73,40.15,78.84,60.59,83.22,0.77,69.35,IN009010100,"BANGALORE, IN",0.15,74,86.0,68.0,15,10,2018,0
Bangalore,2018-10-18,87,47.85,93.96,72.21,99.18,0.91,82.65,IN009010100,"BANGALORE, IN",1.92,74,83.0,66.0,18,10,2018,0
Bangalore,2018-10-19,55,30.25,59.4,45.65,62.7,0.58,52.25,IN009010100,"BANGALORE, IN",0.04,75,84.0,68.0,19,10,2018,0
Bangalore,2018-10-20,64,35.2,69.12,53.12,72.96,0.67,60.8,IN009010100,"BANGALORE, IN",0.0,75,85.0,67.0,20,10,2018,0
Bangalore,2018-11-04,60,33.0,64.8,49.8,68.4,0.63,57.0,IN009010100,"BANGALORE, IN",0.18,74,83.0,66.0,4,11,2018,0
Bangalore,2018-11-15,127,69.85,137.16,105.41,144.78,1.33,120.65,IN009010100,"BANGALORE, IN",0.0,74,88.0,62.0,15,11,2018,0
Bangalore,2018-11-16,62,34.1,66.96,51.46,70.68,0.65,58.9,IN009010100,"BANGALORE, IN",0.0,71,83.0,67.0,16,11,2018,0
Bangalore,2018-11-23,64,35.2,69.12,53.12,72.96,0.67,60.8,IN009010100,"BANGALORE, IN",0.02,70,77.0,67.0,23,11,2018,0
Bangalore,2018-12-06,60,33.0,64.8,49.8,68.4,0.63,57.0,IN009010100,"BANGALORE, IN",0.0,74,83.0,68.0,6,12,2018,0
Bangalore,2018-12-20,142,78.1,153.36,117.86,161.88,1.49,134.9,IN009010100,"BANGALORE, IN",0.0,72,82.0,64.0,20,12,2018,0
Bangalore,2018-12-30,119,65.45,128.52,98.77,135.66,1.25,113.05,IN009010100,"BANGALORE, IN",0.0,69,80.0,63.0,30,12,2018,0
Bangalore,2019-01-29,59,32.45,63.72,48.97,67.26,0.62,56.05,IN009010100,"BANGALORE, IN",0.03,71,85.0,64.0,29,1,2019,0
Bangalore,2019-01-30,95,52.25,102.6,78.85,108.3,1.0,90.25,IN009010100,"BANGALORE, IN",0.0,72,81.0,63.0,30,1,2019,0
Bangalore,2019-03-05,110,60.5,118.8,91.3,125.4,1.16,104.5,IN009010100,"BANGALORE, IN",0.0,82,94.0,74.0,5,3,2019,0
Bangalore,2019-04-10,119,65.45,128.52,98.77,135.66,1.25,113.05,IN009010100,"BANGALORE, IN",0.04,85,96.0,73.0,10,4,2019,0
Bangalore,2019-04-11,103,56.65,111.24,85.49,117.42,1.08,97.85,IN009010100,"BANGALORE, IN",0.0,85,97.0,76.0,11,4,2019,0
Bangalore,2019-04-20,127,69.85,137.16,105.41,144.78,1.33,120.65,IN009010100,"BANGALORE, IN",0.01,80,92.0,72.0,20,4,2019,0
Bangalore,2019-04-21,104,57.2,112.32,86.32,118.56,1.09,98.8,IN009010100,"BANGALORE, IN",0.0,81,94.0,71.0,21,4,2019,0
Bangalore,2019-04-23,106,58.3,114.48,87.98,120.84,1.11,100.7,IN009010100,"BANGALORE, IN",0.0,82,95.0,74.0,23,4,2019,0
Bangalore,2019-05-06,146,80.3,157.68,121.18,166.44,1.53,138.7,IN009010100,"BANGALORE, IN",0.0,84,96.0,75.0,6,5,2019,0
Bangalore,2019-05-08,69,37.95,74.52,57.27,78.66,0.72,65.55,IN009010100,"BANGALORE, IN",0.59,80,92.0,69.0,8,5,2019,0
Bangalore,2019-05-13,89,48.95,96.12,73.87,101.46,0.93,84.55,IN009010100,"BANGALORE, IN",0.0,80,95.0,71.0,13,5,2019,0
Bangalore,2019-05-14,77,42.35,83.16,63.91,87.78,0.81,73.15,IN009010100,"BANGALORE, IN",0.0,82,95.0,71.0,14,5,2019,0
Bangalore,2019-05-27,84,46.2,90.72,69.72,95.76,0.88,79.8,IN009010100,"BANGALORE, IN",1.47,82,93.0,68.0,27,5,2019,0
Bangalore,2019-05-29,97,53.35,104.76,80.51,110.58,1.02,92.15,IN009010100,"BANGALORE, IN",0.01,82,92.0,73.0,29,5,2019,0
Bangalore,2019-06-06,58,31.9,62.64,48.14,66.12,0.61,55.1,IN009010100,"BANGALORE, IN",0.8,78,90.0,69.0,6,6,2019,0
Bangalore,2019-06-07,80,44.0,86.4,66.4,91.2,0.84,76.0,IN009010100,"BANGALORE, IN",0.79,78,90.0,69.0,7,6,2019,0
Bangalore,2019-06-08,53,29.15,57.24,43.99,60.42,0.56,50.35,IN009010100,"BANGALORE, IN",0.0,79,89.0,72.0,8,6,2019,0
Bangalore,2019-06-13,39,21.45,42.12,32.37,44.46,0.41,37.05,IN009010100,"BANGALORE, IN",0.0,77,85.0,72.0,13,6,2019,0
Bangalore,2019-06-19,76,41.8,82.08,63.08,86.64,0.8,72.2,IN009010100,"BANGALORE, IN",0.0,80,88.0,71.0,19,6,2019,0
Bangalore,2019-06-20,61,33.55,65.88,50.63,69.54,0.64,57.95,IN009010100,"BANGALORE, IN",0.05,78,90.0,72.0,20,6,2019,0
Bangalore,2019-06-21,55,30.25,59.4,45.65,62.7,0.58,52.25,IN009010100,"BANGALORE, IN",0.0,76,87.0,69.0,21,6,2019,0
Bangalore,2019-06-22,55,30.25,59.4,45.65,62.7,0.58,52.25,IN009010100,"BANGALORE, IN",0.0,77,85.0,71.0,22,6,2019,0
Bangalore,2019-07-01,62,34.1,66.96,51.46,70.68,0.65,58.9,IN009010100,"BANGALORE, IN",0.0,78,86.0,70.0,1,7,2019,0
Bangalore,2019-07-03,57,31.35,61.56,47.31,64.98,0.6,54.15,IN009010100,"BANGALORE, IN",0.0,78,87.0,71.0,3,7,2019,0
Bangalore,2019-07-08,57,31.35,61.56,47.31,64.98,0.6,54.15,IN009010100,"BANGALORE, IN",0.0,76,85.0,69.0,8,7,2019,0
Bangalore,2019-07-09,58,31.9,62.64,48.14,66.12,0.61,55.1,IN009010100,"BANGALORE, IN",0.0,75,85.0,68.0,9,7,2019,0
Bangalore,2019-07-11,70,38.5,75.6,58.1,79.8,0.74,66.5,IN009010100,"BANGALORE, IN",0.0,76,85.0,68.0,11,7,2019,0
Bangalore,2019-07-14,58,31.9,62.64,48.14,66.12,0.61,55.1,IN009010100,"BANGALORE, IN",0.04,76,86.0,70.0,14,7,2019,0
Bangalore,2019-07-15,58,31.9,62.64,48.14,66.12,0.61,55.1,IN009010100,"BANGALORE, IN",0.01,76,87.0,71.0,15,7,2019,0
Bangalore,2019-07-16,51,28.05,55.08,42.33,58.14,0.54,48.45,IN009010100,"BANGALORE, IN",0.12,77,87.0,70.0,16,7,2019,0
Bangalore,2019-07-17,58,31.9,62.64,48.14,66.12,0.61,55.1,IN009010100,"BANGALORE, IN",0.12,77,87.0,70.0,17,7,2019,0
Bangalore,2019-07-18,64,35.2,69.12,53.12,72.96,0.67,60.8,IN009010100,"BANGALORE, IN",1.59,76,85.0,71.0,18,7,2019,0
Bangalore,2019-07-19,53,29.15,57.24,43.99,60.42,0.56,50.35,IN009010100,"BANGALORE, IN",0.04,74,83.0,71.0,19,7,2019,0
Bangalore,2019-07-20,37,20.35,39.96,30.71,42.18,0.39,35.15,IN009010100,"BANGALORE, IN",0.05,74,83.0,69.0,20,7,2019,0
Bangalore,2019-07-21,58,31.9,62.64,48.14,66.12,0.61,55.1,IN009010100,"BANGALORE, IN",0.0,73,82.0,69.0,21,7,2019,0
Bangalore,2019-07-23,42,23.1,45.36,34.86,47.88,0.44,39.9,IN009010100,"BANGALORE, IN",0.55,72,79.0,67.0,23,7,2019,0
Bangalore,2019-07-25,56,30.8,60.48,46.48,63.84,0.59,53.2,IN009010100,"BANGALORE, IN",0.04,75,85.0,70.0,25,7,2019,0
Bangalore,2019-07-26,54,29.7,58.32,44.82,61.56,0.57,51.3,IN009010100,"BANGALORE, IN",0.44,73,83.0,69.0,26,7,2019,0
Bangalore,2019-07-28,53,29.15,57.24,43.99,60.42,0.56,50.35,IN009010100,"BANGALORE, IN",0.0,74,84.0,69.0,28,7,2019,0
Bangalore,2019-07-29,53,29.15,57.24,43.99,60.42,0.56,50.35,IN009010100,"BANGALORE, IN",0.0,74,83.0,69.0,29,7,2019,0
Bangalore,2019-07-30,50,27.5,54.0,41.5,57.0,0.53,47.5,IN009010100,"BANGALORE, IN",0.0,73,82.0,68.0,30,7,2019,0
Bangalore,2019-08-05,38,20.9,41.04,31.54,43.32,0.4,36.1,IN009010100,"BANGALORE, IN",0.08,72,82.0,69.0,5,8,2019,0
Bangalore,2019-08-06,42,23.1,45.36,34.86,47.88,0.44,39.9,IN009010100,"BANGALORE, IN",0.11,71,78.0,68.0,6,8,2019,0
Bangalore,2019-08-08,36,19.8,38.88,29.88,41.04,0.38,34.2,IN009010100,"BANGALORE, IN",0.12,72,77.0,69.0,8,8,2019,0
Bangalore,2019-08-12,41,22.55,44.28,34.03,46.74,0.43,38.95,IN009010100,"BANGALORE, IN",0.24,74,81.0,68.0,12,8,2019,0
Bangalore,2019-08-13,47,25.85,50.76,39.01,53.58,0.49,44.65,IN009010100,"BANGALORE, IN",0.75,74,82.0,69.0,13,8,2019,0
Bangalore,2019-08-14,61,33.55,65.88,50.63,69.54,0.64,57.95,IN009010100,"BANGALORE, IN",0.01,73,81.0,69.0,14,8,2019,0
Bangalore,2019-08-15,47,25.85,50.76,39.01,53.58,0.49,44.65,IN009010100,"BANGALORE, IN",0.36,74,83.0,69.0,15,8,2019,0
Bangalore,2019-08-17,53,29.15,57.24,43.99,60.42,0.56,50.35,IN009010100,"BANGALORE, IN",0.12,72,83.0,68.0,17,8,2019,0
Bangalore,2019-08-18,54,29.7,58.32,44.82,61.56,0.57,51.3,IN009010100,"BANGALORE, IN",0.95,71,77.0,69.0,18,8,2019,0
Bangalore,2019-08-20,61,33.55,65.88,50.63,69.54,0.64,57.95,IN009010100,"BANGALORE, IN",0.69,73,84.0,68.0,20,8,2019,0
Bangalore,2019-08-24,47,25.85,50.76,39.01,53.58,0.49,44.65,IN009010100,"BANGALORE, IN",0.06,73,82.0,68.0,24,8,2019,0
Bangalore,2019-08-26,40,22.0,43.2,33.2,45.6,0.42,38.0,IN009010100,"BANGALORE, IN",0.0,73,83.0,68.0,26,8,2019,0
Bangalore,2019-08-28,50,27.5,54.0,41.5,57.0,0.53,47.5,IN009010100,"BANGALORE, IN",0.0,75,84.0,68.0,28,8,2019,0
Bangalore,2019-08-29,44,24.2,47.52,36.52,50.16,0.46,41.8,IN009010100,"BANGALORE, IN",0.0,75,85.0,69.0,29,8,2019,0
Bangalore,2019-08-30,44,24.2,47.52,36.52,50.16,0.46,41.8,IN009010100,"BANGALORE, IN",0.0,76,84.0,69.0,30,8,2019,0
Bangalore,2019-09-02,42,23.1,45.36,34.86,47.88,0.44,39.9,IN009010100,"BANGALORE, IN",0.02,72,80.0,69.0,2,9,2019,0
Bangalore,2019-09-03,42,23.1,45.36,34.86,47.88,0.44,39.9,IN009010100,"BANGALORE, IN",0.51,72,80.0,68.0,3,9,2019,0
Bangalore,2019-09-04,40,22.0,43.2,33.2,45.6,0.42,38.0,IN009010100,"BANGALORE, IN",0.18,72,80.0,69.0,4,9,2019,0
Bangalore,2019-09-06,48,26.4,51.84,39.84,54.72,0.5,45.6,IN009010100,"BANGALORE, IN",0.02,73,81.0,69.0,6,9,2019,0
Bangalore,2019-09-07,48,26.4,51.84,39.84,54.72,0.5,45.6,IN009010100,"BANGALORE, IN",0.09,74,81.0,69.0,7,9,2019,0
Bangalore,2019-09-08,50,27.5,54.0,41.5,57.0,0.53,47.5,IN009010100,"BANGALORE, IN",0.01,74,82.0,69.0,8,9,2019,0
Bangalore,2019-09-09,46,25.3,49.68,38.18,52.44,0.48,43.7,IN009010100,"BANGALORE, IN",0.01,75,81.0,70.0,9,9,2019,0
Bangalore,2019-09-10,59,32.45,63.72,48.97,67.26,0.62,56.05,IN009010100,"BANGALORE, IN",0.0,76,82.0,69.0,10,9,2019,0
Bangalore,2019-09-13,55,30.25,59.4,45.65,62.7,0.58,52.25,IN009010100,"BANGALORE, IN",0.02,76,86.0,70.0,13,9,2019,0
Bangalore,2019-09-14,60,33.0,64.8,49.8,68.4,0.63,57.0,IN009010100,"BANGALORE, IN",0.0,77,86.0,70.0,14,9,2019,0
Bangalore,2019-09-15,56,30.8,60.48,46.48,63.84,0.59,53.2,IN009010100,"BANGALORE, IN",0.0,77,87.0,70.0,15,9,2019,0
Bangalore,2019-09-17,91,50.05,98.28,75.53,103.74,0.96,86.45,IN009010100,"BANGALORE, IN",1.21,74,84.0,68.0,17,9,2019,0
Bangalore,2019-09-20,53,29.15,57.24,43.99,60.42,0.56,50.35,IN009010100,"BANGALORE, IN",0.07,76,84.0,69.0,20,9,2019,0
Bangalore,2019-09-22,54,29.7,58.32,44.82,61.56,0.57,51.3,IN009010100,"BANGALORE, IN",0.31,74,87.0,70.0,22,9,2019,0
Bangalore,2019-09-24,97,53.35,104.76,80.51,110.58,1.02,92.15,IN009010100,"BANGALORE, IN",1.17,74,84.0,67.0,24,9,2019,0
Bangalore,2019-09-28,78,42.9,84.24,64.74,88.92,0.82,74.1,IN009010100,"BANGALORE, IN",0.24,76,84.0,70.0,28,9,2019,0
Bangalore,2019-09-29,91,50.05,98.28,75.53,103.74,0.96,86.45,IN009010100,"BANGALORE, IN",0.0,76,86.0,70.0,29,9,2019,0
Bangalore,2019-10-02,55,30.25,59.4,45.65,62.7,0.58,52.25,IN009010100,"BANGALORE, IN",0.87,75,84.0,65.0,2,10,2019,0
Bangalore,2019-10-03,61,33.55,65.88,50.63,69.54,0.64,57.95,IN009010100,"BANGALORE, IN",0.31,74,87.0,67.0,3,10,2019,0
Bangalore,2019-10-04,73,40.15,78.84,60.59,83.22,0.77,69.35,IN009010100,"BANGALORE, IN",0.09,73,83.0,67.0,4,10,2019,0
Bangalore,2019-10-05,78,42.9,84.24,64.74,88.92,0.82,74.1,IN009010100,"BANGALORE, IN",0.34,74,85.0,68.0,5,10,2019,0
Bangalore,2019-10-06,68,37.4,73.44,56.44,77.52,0.71,64.6,IN009010100,"BANGALORE, IN",0.02,76,84.0,69.0,6,10,2019,0
Bangalore,2019-10-07,71,39.05,76.68,58.93,80.94,0.75,67.45,IN009010100,"BANGALORE, IN",0.0,75,85.0,70.0,7,10,2019,0
Bangalore,2019-10-09,76,41.8,82.08,63.08,86.64,0.8,72.2,IN009010100,"BANGALORE, IN",0.22,76,86.0,67.0,9,10,2019,0
Bangalore,2019-10-10,106,58.3,114.48,87.98,120.84,1.11,100.7,IN009010100,"BANGALORE, IN",0.0,76,86.0,69.0,10,10,2019,0
Bangalore,2019-10-11,77,42.35,83.16,63.91,87.78,0.81,73.15,IN009010100,"BANGALORE, IN",0.0,76,86.0,71.0,11,10,2019,0
Bangalore,2019-10-12,78,42.9,84.24,64.74,88.92,0.82,74.1,IN009010100,"BANGALORE, IN",0.02,77,85.0,71.0,12,10,2019,0
Bangalore,2019-10-13,55,30.25,59.4,45.65,62.7,0.58,52.25,IN009010100,"BANGALORE, IN",0.0,77,86.0,71.0,13,10,2019,0
Bangalore,2019-10-15,60,33.0,64.8,49.8,68.4,0.63,57.0,IN009010100,"BANGALORE, IN",0.0,76,87.0,71.0,15,10,2019,0
Bangalore,2019-10-17,58,31.9,62.64,48.14,66.12,0.61,55.1,IN009010100,"BANGALORE, IN",0.0,72,83.0,69.0,17,10,2019,0
Bangalore,2019-10-19,55,30.25,59.4,45.65,62.7,0.58,52.25,IN009010100,"BANGALORE, IN",0.35,74,82.0,68.0,19,10,2019,0
Bangalore,2019-10-20,50,27.5,54.0,41.5,57.0,0.53,47.5,IN009010100,"BANGALORE, IN",0.0,74,82.0,70.0,20,10,2019,0
Bangalore,2019-10-21,52,28.6,56.16,43.16,59.28,0.55,49.4,IN009010100,"BANGALORE, IN",0.31,72,83.0,69.0,21,10,2019,0
Bangalore,2019-10-22,56,30.8,60.48,46.48,63.84,0.59,53.2,IN009010100,"BANGALORE, IN",1.53,71,81.0,69.0,22,10,2019,0
Bangalore,2019-10-24,41,22.55,44.28,34.03,46.74,0.43,38.95,IN009010100,"BANGALORE, IN",0.0,72,82.0,68.0,24,10,2019,0
Bangalore,2019-10-27,62,34.1,66.96,51.46,70.68,0.65,58.9,IN009010100,"BANGALORE, IN",0.12,72,82.0,67.0,27,10,2019,0
Bangalore,2019-10-28,84,46.2,90.72,69.72,95.76,0.88,79.8,IN009010100,"BANGALORE, IN",1.46,74,81.0,67.0,28,10,2019,0
Bangalore,2019-10-29,80,44.0,86.4,66.4,91.2,0.84,76.0,IN009010100,"BANGALORE, IN",0.0,72,82.0,68.0,29,10,2019,0
Bangalore,2019-10-30,66,36.3,71.28,54.78,75.24,0.69,62.7,IN009010100,"BANGALORE, IN",0.18,71,78.0,67.0,30,10,2019,0
Bangalore,2019-10-31,56,30.8,60.48,46.48,63.84,0.59,53.2,IN009010100,"BANGALORE, IN",0.27,72,78.0,67.0,31,10,2019,0
Bangalore,2019-11-02,60,33.0,64.8,49.8,68.4,0.63,57.0,IN009010100,"BANGALORE, IN",0.0,76,85.0,70.0,2,11,2019,0
Bangalore,2019-11-10,90,49.5,97.2,74.7,102.6,0.95,85.5,IN009010100,"BANGALORE, IN",1.95,76,86.0,69.0,10,11,2019,0
Bangalore,2019-11-17,63,34.65,68.04,52.29,71.82,0.66,59.85,IN009010100,"BANGALORE, IN",0.0,75,85.0,67.0,17,11,2019,0
Bangalore,2019-11-19,54,29.7,58.32,44.82,61.56,0.57,51.3,IN009010100,"BANGALORE, IN",0.0,74,85.0,68.0,19,11,2019,0
Bangalore,2019-11-27,67,36.85,72.36,55.61,76.38,0.7,63.65,IN009010100,"BANGALORE, IN",0.01,71,83.0,68.0,27,11,2019,0
Bangalore,2019-11-29,60,33.0,64.8,49.8,68.4,0.63,57.0,IN009010100,"BANGALORE, IN",0.0,72,83.0,67.0,29,11,2019,0
Bangalore,2019-11-30,60,33.0,64.8,49.8,68.4,0.63,57.0,IN009010100,"BANGALORE, IN",0.06,71,81.0,66.0,30,11,2019,0
Bangalore,2019-12-03,62,34.1,66.96,51.46,70.68,0.65,58.9,IN009010100,"BANGALORE, IN",0.02,70,76.0,67.0,3,12,2019,0
Bangalore,2019-12-16,64,35.2,69.12,53.12,72.96,0.67,60.8,IN009010100,"BANGALORE, IN",0.0,72,80.0,63.0,16,12,2019,0
Bangalore,2019-12-17,55,30.25,59.4,45.65,62.7,0.58,52.25,IN009010100,"BANGALORE, IN",0.0,70,82.0,65.0,17,12,2019,0
Bangalore,2020-01-07,60,33.0,64.8,49.8,68.4,0.63,57.0,IN009010100,"BANGALORE, IN",0.0,72,79.0,66.0,7,1,2020,0
Bangalore,2020-03-03,161,88.55,173.88,133.63,183.54,1.69,152.95,IN009010100,"BANGALORE, IN",0.0,78,87.0,68.0,3,3,2020,0
Bangalore,2020-03-05,121,66.55,130.68,100.43,137.94,1.27,114.95,IN009010100,"BANGALORE, IN",0.0,81,90.0,71.0,5,3,2020,0
Bangalore,2020-03-07,86,47.3,92.88,71.38,98.04,0.9,81.7,IN009010100,"BANGALORE, IN",0.04,79,92.0,72.0,7,3,2020,0
Bangalore,2020-03-22,79,43.45,85.32,65.57,90.06,0.83,75.05,IN009010100,"BANGALORE, IN",0.0,82,96.0,73.0,22,3,2020,0
Bangalore,2020-04-07,48,26.4,51.84,39.84,54.72,0.5,45.6,IN009010100,"BANGALORE, IN",1.18,77,96.0,70.0,7,4,2020,0
Bangalore,2020-04-10,55,30.25,59.4,45.65,62.7,0.58,52.25,IN009010100,"BANGALORE, IN",1.31,76,92.0,65.0,10,4,2020,0
Bangalore,2020-04-24,65,35.75,70.2,53.95,74.1,0.68,61.75,IN009010100,"BANGALORE, IN",0.91,78,97.0,69.0,24,4,2020,0
Bangalore,2020-04-25,58,31.9,62.64,48.14,66.12,0.61,55.1,IN009010100,"BANGALORE, IN",0.0,78,87.0,73.0,25,4,2020,0
Bangalore,2020-04-26,58,31.9,62.64,48.14,66.12,0.61,55.1,IN009010100,"BANGALORE, IN",0.0,80,90.0,73.0,26,4,2020,0
Bangalore,2020-04-27,43,23.65,46.44,35.69,49.02,0.45,40.85,IN009010100,"BANGALORE, IN",0.0,80,89.0,72.0,27,4,2020,0
Bangalore,2020-04-29,48,26.4,51.84,39.84,54.72,0.5,45.6,IN009010100,"BANGALORE, IN",1.21,74,93.0,67.0,29,4,2020,0
Bangalore,2020-05-01,61,33.55,65.88,50.63,69.54,0.64,57.95,IN009010100,"BANGALORE, IN",0.0,84,91.0,73.0,1,5,2020,0
Bangalore,2020-05-15,50,27.5,54.0,41.5,57.0,0.53,47.5,IN009010100,"BANGALORE, IN",0.0,84,95.0,75.0,15,5,2020,0
Bangalore,2020-05-18,54,29.7,58.32,44.82,61.56,0.57,51.3,IN009010100,"BANGALORE, IN",0.43,78,96.0,70.0,18,5,2020,0
Bangalore,2020-05-25,55,30.25,59.4,45.65,62.7,0.58,52.25,IN009010100,"BANGALORE, IN",1.39,80,94.0,72.0,25,5,2020,0
Bangalore,2020-05-27,60,33.0,64.8,49.8,68.4,0.63,57.0,IN009010100,"BANGALORE, IN",1.22,75,91.0,70.0,27,5,2020,0
Bangalore,2020-05-28,58,31.9,62.64,48.14,66.12,0.61,55.1,IN009010100,"BANGALORE, IN",0.0,77,91.0,69.0,28,5,2020,0
Bangalore,2020-05-29,49,26.95,52.92,40.67,55.86,0.51,46.55,IN009010100,"BANGALORE, IN",0.17,75,90.0,69.0,29,5,2020,0
Bangalore,2020-05-30,56,30.8,60.48,46.48,63.84,0.59,53.2,IN009010100,"BANGALORE, IN",0.96,76,91.0,68.0,30,5,2020,0
Bangalore,2020-06-01,36,19.8,38.88,29.88,41.04,0.38,34.2,IN009010100,"BANGALORE, IN",0.0,79,91.0,72.0,1,6,2020,0
Bangalore,2020-06-03,36,19.8,38.88,29.88,41.04,0.38,34.2,IN009010100,"BANGALORE, IN",0.0,76,84.0,70.0,3,6,2020,0
Bangalore,2020-06-04,34,18.7,36.72,28.22,38.76,0.36,32.3,IN009010100,"BANGALORE, IN",0.0,78,85.0,71.0,4,6,2020,0
Bangalore,2020-06-07,50,27.5,54.0,41.5,57.0,0.53,47.5,IN009010100,"BANGALORE, IN",0.8,76,87.0,69.0,7,6,2020,0
Bangalore,2020-06-09,53,29.15,57.24,43.99,60.42,0.56,50.35,IN009010100,"BANGALORE, IN",0.0,78,90.0,71.0,9,6,2020,0
Bangalore,2020-06-12,42,23.1,45.36,34.86,47.88,0.44,39.9,IN009010100,"BANGALORE, IN",0.81,73,82.0,68.0,12,6,2020,0
Bangalore,2020-06-15,36,19.8,38.88,29.88,41.04,0.38,34.2,IN009010100,"BANGALORE, IN",0.0,77,84.0,70.0,15,6,2020,0
Bangalore,2020-06-17,54,29.7,58.32,44.82,61.56,0.57,51.3,IN009010100,"BANGALORE, IN",0.0,74,82.0,71.0,17,6,2020,0
Bangalore,2020-06-18,62,34.1,66.96,51.46,70.68,0.65,58.9,IN009010100,"BANGALORE, IN",0.0,74,81.0,69.0,18,6,2020,0
Bangalore,2020-06-20,52,28.6,56.16,43.16,59.28,0.55,49.4,IN009010100,"BANGALORE, IN",0.0,77,85.0,70.0,20,6,2020,0
Bangalore,2020-06-21,46,25.3,49.68,38.18,52.44,0.48,43.7,IN009010100,"BANGALORE, IN",0.0,75,87.0,70.0,21,6,2020,0
Bangalore,2020-06-26,40,22.0,43.2,33.2,45.6,0.42,38.0,IN009010100,"BANGALORE, IN",1.56,76,87.0,69.0,26,6,2020,0
Bangalore,2020-06-27,35,19.25,37.8,29.05,39.9,0.37,33.25,IN009010100,"BANGALORE, IN",0.0,76,85.0,70.0,27,6,2020,0
Bangalore,2020-06-28,46,25.3,49.68,38.18,52.44,0.48,43.7,IN009010100,"BANGALORE, IN",0.09,77,84.0,71.0,28,6,2020,0
Bangalore,2020-07-01,41,22.55,44.28,34.03,46.74,0.43,38.95,IN009010100,"BANGALORE, IN",0.0,76,85.0,70.0,1,7,2020,0
Bangalore,2020-07-05,42,23.1,45.36,34.86,47.88,0.44,39.9,IN009010100,"BANGALORE, IN",0.0,74,81.0,70.0,5,7,2020,0
Bangalore,2020-07-06,38,20.9,41.04,31.54,43.32,0.4,36.1,IN009010100,"BANGALORE, IN",0.02,74,82.0,69.0,6,7,2020,0
Bangalore,2020-07-08,44,24.2,47.52,36.52,50.16,0.46,41.8,IN009010100,"BANGALORE, IN",0.29,73,83.0,69.0,8,7,2020,0
Bangalore,2020-07-09,35,19.25,37.8,29.05,39.9,0.37,33.25,IN009010100,"BANGALORE, IN",0.96,75,85.0,68.0,9,7,2020,0
Bangalore,2020-07-10,34,18.7,36.72,28.22,38.76,0.36,32.3,IN009010100,"BANGALORE, IN",1.15,74,84.0,69.0,10,7,2020,0
Bangalore,2020-07-12,36,19.8,38.88,29.88,41.04,0.38,34.2,IN009010100,"BANGALORE, IN",0.01,77,85.0,70.0,12,7,2020,0
Bangalore,2020-07-13,38,20.9,41.04,31.54,43.32,0.4,36.1,IN009010100,"BANGALORE, IN",0.0,76,85.0,71.0,13,7,2020,0
Bangalore,2020-07-14,38,20.9,41.04,31.54,43.32,0.4,36.1,IN009010100,"BANGALORE, IN",0.0,75,85.0,71.0,14,7,2020,0
Bangalore,2020-07-16,30,16.5,32.4,24.9,34.2,0.32,28.5,IN009010100,"BANGALORE, IN",0.26,71,79.0,69.0,16,7,2020,0
Bangalore,2020-07-17,34,18.7,36.72,28.22,38.76,0.36,32.3,IN009010100,"BANGALORE, IN",0.43,72,77.0,69.0,17,7,2020,0
Bangalore,2020-07-21,31,17.05,33.48,25.73,35.34,0.33,29.45,IN009010100,"BANGALORE, IN",0.95,76,85.0,66.0,21,7,2020,0
Bangalore,2020-07-22,47,25.85,50.76,39.01,53.58,0.49,44.65,IN009010100,"BANGALORE, IN",0.0,78,87.0,72.0,22,7,2020,0
Bangalore,2020-07-24,40,22.0,43.2,33.2,45.6,0.42,38.0,IN009010100,"BANGALORE, IN",0.17,75,87.0,71.0,24,7,2020,0
Bangalore,2020-07-26,37,20.35,39.96,30.71,42.18,0.39,35.15,IN009010100,"BANGALORE, IN",0.16,74,85.0,69.0,26,7,2020,0
Bangalore,2020-07-28,40,22.0,43.2,33.2,45.6,0.42,38.0,IN009010100,"BANGALORE, IN",0.09,76,84.0,69.0,28,7,2020,0
Bangalore,2020-07-29,43,23.65,46.44,35.69,49.02,0.45,40.85,IN009010100,"BANGALORE, IN",0.31,73,85.0,70.0,29,7,2020,0
Bangalore,2020-07-31,36,19.8,38.88,29.88,41.04,0.38,34.2,IN009010100,"BANGALORE, IN",0.16,75,83.0,71.0,31,7,2020,0
Bangalore,2020-08-01,29,15.95,31.32,24.07,33.06,0.3,27.55,IN009010100,"BANGALORE, IN",0.08,73,85.0,69.0,1,8,2020,0
Bangalore,2020-08-03,36,19.8,38.88,29.88,41.04,0.38,34.2,IN009010100,"BANGALORE, IN",0.1,73,82.0,69.0,3,8,2020,0
Bangalore,2020-08-07,41,22.55,44.28,34.03,46.74,0.43,38.95,IN009010100,"BANGALORE, IN",0.05,74,82.0,71.0,7,8,2020,0
Bangalore,2020-08-09,36,19.8,38.88,29.88,41.04,0.38,34.2,IN009010100,"BANGALORE, IN",0.09,71,81.0,68.0,9,8,2020,0
Bangalore,2020-08-10,34,18.7,36.72,28.22,38.76,0.36,32.3,IN009010100,"BANGALORE, IN",0.48,71,79.0,67.0,10,8,2020,0
Bangalore,2020-08-12,48,26.4,51.84,39.84,54.72,0.5,45.6,IN009010100,"BANGALORE, IN",0.2,74,82.0,69.0,12,8,2020,0
Bangalore,2020-08-15,54,29.7,58.32,44.82,61.56,0.57,51.3,IN009010100,"BANGALORE, IN",0.0,72,78.0,69.0,15,8,2020,0
Bangalore,2020-08-18,43,23.65,46.44,35.69,49.02,0.45,40.85,IN009010100,"BANGALORE, IN",0.04,73,79.0,69.0,18,8,2020,0
Bangalore,2020-08-19,46,25.3,49.68,38.18,52.44,0.48,43.7,IN009010100,"BANGALORE, IN",0.0,74,80.0,69.0,19,8,2020,0
Bangalore,2020-08-24,49,26.95,52.92,40.67,55.86,0.51,46.55,IN009010100,"BANGALORE, IN",0.08,75,82.0,70.0,24,8,2020,0
Bangalore,2020-08-26,55,30.25,59.4,45.65,62.7,0.58,52.25,IN009010100,"BANGALORE, IN",0.0,78,86.0,72.0,26,8,2020,0
Bangalore,2020-08-31,61,33.55,65.88,50.63,69.54,0.64,57.95,IN009010100,"BANGALORE, IN",0.91,76,89.0,67.0,31,8,2020,0
Bangalore,2020-09-01,52,28.6,56.16,43.16,59.28,0.55,49.4,IN009010100,"BANGALORE, IN",0.74,75,86.0,68.0,1,9,2020,0
Bangalore,2020-09-02,76,41.8,82.08,63.08,86.64,0.8,72.2,IN009010100,"BANGALORE, IN",0.08,73,83.0,69.0,2,9,2020,0
Bangalore,2020-09-05,64,35.2,69.12,53.12,72.96,0.67,60.8,IN009010100,"BANGALORE, IN",0.0,77,85.0,72.0,5,9,2020,0
Bangalore,2020-09-07,48,26.4,51.84,39.84,54.72,0.5,45.6,IN009010100,"BANGALORE, IN",0.0,76,87.0,69.0,7,9,2020,0
Bangalore,2020-09-08,39,21.45,42.12,32.37,44.46,0.41,37.05,IN009010100,"BANGALORE, IN",0.08,76,86.0,70.0,8,9,2020,0
Bangalore,2020-09-11,34,18.7,36.72,28.22,38.76,0.36,32.3,IN009010100,"BANGALORE, IN",0.0,72,82.0,68.0,11,9,2020,0
Bangalore,2020-09-13,66,36.3,71.28,54.78,75.24,0.69,62.7,IN009010100,"BANGALORE, IN",0.69,71,78.0,67.0,13,9,2020,0
Bangalore,2020-09-15,47,25.85,50.76,39.01,53.58,0.49,44.65,IN009010100,"BANGALORE, IN",0.0,73,80.0,68.0,15,9,2020,0
Bangalore,2020-09-16,40,22.0,43.2,33.2,45.6,0.42,38.0,IN009010100,"BANGALORE, IN",0.01,74,79.0,68.0,16,9,2020,0
Bangalore,2020-09-17,56,30.8,60.48,46.48,63.84,0.59,53.2,IN009010100,"BANGALORE, IN",0.0,75,81.0,70.0,17,9,2020,0
Bangalore,2020-09-26,50,27.5,54.0,41.5,57.0,0.53,47.5,IN009010100,"BANGALORE, IN",0.12,73,85.0,69.0,26,9,2020,0
Bangalore,2020-09-30,50,27.5,54.0,41.5,57.0,0.53,47.5,IN009010100,"BANGALORE, IN",2.14,72,82.0,66.0,30,9,2020,0
Bangalore,2020-10-04,59,32.45,63.72,48.97,67.26,0.62,56.05,IN009010100,"BANGALORE, IN",0.0,72,83.0,68.0,4,10,2020,0
Bangalore,2020-10-10,57,31.35,61.56,47.31,64.98,0.6,54.15,IN009010100,"BANGALORE, IN",0.93,74,86.0,65.0,10,10,2020,0
Bangalore,2020-10-18,72,39.6,77.76,59.76,82.08,0.76,68.4,IN009010100,"BANGALORE, IN",0.01,75,82.0,69.0,18,10,2020,0
Bangalore,2020-10-19,70,38.5,75.6,58.1,79.8,0.74,66.5,IN009010100,"BANGALORE, IN",0.07,74,82.0,70.0,19,10,2020,0
Bangalore,2020-10-21,56,30.8,60.48,46.48,63.84,0.59,53.2,IN009010100,"BANGALORE, IN",2.64,73,79.0,69.0,21,10,2020,0
Bangalore,2020-10-24,44,24.2,47.52,36.52,50.16,0.46,41.8,IN009010100,"BANGALORE, IN",0.68,72,81.0,63.0,24,10,2020,0
Bangalore,2020-10-26,78,42.9,84.24,64.74,88.92,0.82,74.1,IN009010100,"BANGALORE, IN",0.31,74,85.0,67.0,26,10,2020,0
Bangalore,2020-10-27,89,48.95,96.12,73.87,101.46,0.93,84.55,IN009010100,"BANGALORE, IN",0.0,75,86.0,66.0,27,10,2020,0
Bangalore,2020-11-02,140,77.0,151.2,116.2,159.6,1.47,133.0,IN009010100,"BANGALORE, IN",0.01,76,89.0,69.0,2,11,2020,0
Bangalore,2020-11-03,119,65.45,128.52,98.77,135.66,1.25,113.05,IN009010100,"BANGALORE, IN",0.0,76,84.0,68.0,3,11,2020,0
Bangalore,2020-11-07,53,29.15,57.24,43.99,60.42,0.56,50.35,IN009010100,"BANGALORE, IN",0.0,74,85.0,68.0,7,11,2020,0
Bangalore,2020-11-13,55,30.25,59.4,45.65,62.7,0.58,52.25,IN009010100,"BANGALORE, IN",0.0,72,82.0,69.0,13,11,2020,0
Bangalore,2020-11-15,58,31.9,62.64,48.14,66.12,0.61,55.1,IN009010100,"BANGALORE, IN",0.0,71,83.0,66.0,15,11,2020,0
Bangalore,2020-11-17,43,23.65,46.44,35.69,49.02,0.45,40.85,IN009010100,"BANGALORE, IN",0.83,72,77.0,67.0,17,11,2020,0
Bangalore,2020-11-18,46,25.3,49.68,38.18,52.44,0.48,43.7,IN009010100,"BANGALORE, IN",0.0,73,83.0,67.0,18,11,2020,0
Bangalore,2020-11-29,57,31.35,61.56,47.31,64.98,0.6,54.15,IN009010100,"BANGALORE, IN",0.0,71,78.0,66.0,29,11,2020,0
Bangalore,2020-12-03,62,34.1,66.96,51.46,70.68,0.65,58.9,IN009010100,"BANGALORE, IN",0.09,68,80.0,64.0,3,12,2020,0
Bangalore,2020-12-05,49,26.95,52.92,40.67,55.86,0.51,46.55,IN009010100,"BANGALORE, IN",0.03,70,74.0,67.0,5,12,2020,0
Bangalore,2020-12-06,51,28.05,55.08,42.33,58.14,0.54,48.45,IN009010100,"BANGALORE, IN",0.05,70,75.0,65.0,6,12,2020,0
Bangalore,2020-12-08,52,28.6,56.16,43.16,59.28,0.55,49.4,IN009010100,"BANGALORE, IN",0.22,70,79.0,67.0,8,12,2020,0
Bangalore,2020-12-09,50,27.5,54.0,41.5,57.0,0.53,47.5,IN009010100,"BANGALORE, IN",0.03,71,77.0,67.0,9,12,2020,0
Bangalore,2020-12-17,68,37.4,73.44,56.44,77.52,0.71,64.6,IN009010100,"BANGALORE, IN",0.01,71,80.0,67.0,17,12,2020,0
Bangalore,2021-01-01,98,53.9,105.84,81.34,111.72,1.03,93.1,IN009010100,"BANGALORE, IN",0.02,69,78.0,62.0,1,1,2021,0
Bangalore,2021-01-03,80,44.0,86.4,66.4,91.2,0.84,76.0,IN009010100,"BANGALORE, IN",0.0,71,79.0,66.0,3,1,2021,0
Bangalore,2021-04-15,72,39.6,77.76,59.76,82.08,0.76,68.4,IN009010100,"BANGALORE, IN",0.07,78,92.0,68.0,15,4,2021,0
Bangalore,2021-04-16,64,35.2,69.12,53.12,72.96,0.67,60.8,IN009010100,"BANGALORE, IN",0.01,81,91.0,69.0,16,4,2021,0
Bangalore,2021-04-17,78,42.9,84.24,64.74,88.92,0.82,74.1,IN009010100,"BANGALORE, IN",0.0,82,92.0,72.0,17,4,2021,0
Bangalore,2021-04-22,80,44.0,86.4,66.4,91.2,0.84,76.0,IN009010100,"BANGALORE, IN",1.13,76,94.0,69.0,22,4,2021,0
Bangalore,2021-04-24,62,34.1,66.96,51.46,70.68,0.65,58.9,IN009010100,"BANGALORE, IN",2.59,76,89.0,68.0,24,4,2021,0
Bangalore,2021-04-25,65,35.75,70.2,53.95,74.1,0.68,61.75,IN009010100,"BANGALORE, IN",0.0,80,89.0,71.0,25,4,2021,0
Bangalore,2021-05-01,93,51.15,100.44,77.19,106.02,0.98,88.35,IN009010100,"BANGALORE, IN",0.0,81,92.0,72.0,1,5,2021,0
Bangalore,2021-05-13,46,25.3,49.68,38.18,52.44,0.48,43.7,IN009010100,"BANGALORE, IN",1.38,78,89.0,69.0,13,5,2021,0
Bangalore,2021-05-14,43,23.65,46.44,35.69,49.02,0.45,40.85,IN009010100,"BANGALORE, IN",1.03,80,89.0,71.0,14,5,2021,0
Bangalore,2021-05-15,43,23.65,46.44,35.69,49.02,0.45,40.85,IN009010100,"BANGALORE, IN",0.0,75,91.0,72.0,15,5,2021,0
Bangalore,2021-05-16,48,26.4,51.84,39.84,54.72,0.5,45.6,IN009010100,"BANGALORE, IN",0.0,75,82.0,71.0,16,5,2021,0
Bangalore,2021-05-18,54,29.7,58.32,44.82,61.56,0.57,51.3,IN009010100,"BANGALORE, IN",0.0,78,91.0,71.0,18,5,2021,0
Bangalore,2021-05-23,38,20.9,41.04,31.54,43.32,0.4,36.1,IN009010100,"BANGALORE, IN",0.29,78,85.0,69.0,23,5,2021,0
Bangalore,2021-05-26,44,24.2,47.52,36.52,50.16,0.46,41.8,IN009010100,"BANGALORE, IN",1.22,77,86.0,69.0,26,5,2021,0
Bangalore,2021-05-27,62,34.1,66.96,51.46,70.68,0.65,58.9,IN009010100,"BANGALORE, IN",0.0,78,86.0,70.0,27,5,2021,0
Bangalore,2021-06-02,42,23.1,45.36,34.86,47.88,0.44,39.9,IN009010100,"BANGALORE, IN",0.04,79,93.0,72.0,2,6,2021,0
Bangalore,2021-06-03,52,28.6,56.16,43.16,59.28,0.55,49.4,IN009010100,"BANGALORE, IN",0.02,76,93.0,71.0,3,6,2021,0
Bangalore,2021-06-05,32,17.6,34.56,26.56,36.48,0.34,30.4,IN009010100,"BANGALORE, IN",0.5,74,89.0,70.0,5,6,2021,0
Bangalore,2021-06-06,39,21.45,42.12,32.37,44.46,0.41,37.05,IN009010100,"BANGALORE, IN",0.18,77,85.0,69.0,6,6,2021,0
Bangalore,2021-06-07,46,25.3,49.68,38.18,52.44,0.48,43.7,IN009010100,"BANGALORE, IN",0.02,78,85.0,72.0,7,6,2021,0
Bangalore,2021-06-11,42,23.1,45.36,34.86,47.88,0.44,39.9,IN009010100,"BANGALORE, IN",0.0,76,84.0,69.0,11,6,2021,0
Bangalore,2021-06-15,36,19.8,38.88,29.88,41.04,0.38,34.2,IN009010100,"BANGALORE, IN",0.17,73,80.0,68.0,15,6,2021,0
Bangalore,2021-06-16,57,31.35,61.56,47.31,64.98,0.6,54.15,IN009010100,"BANGALORE, IN",0.02,73,80.0,69.0,16,6,2021,0
Bangalore,2021-06-17,61,33.55,65.88,50.63,69.54,0.64,57.95,IN009010100,"BANGALORE, IN",0.2,74,82.0,69.0,17,6,2021,0
Bangalore,2021-06-18,67,36.85,72.36,55.61,76.38,0.7,63.65,IN009010100,"BANGALORE, IN",0.05,74,83.0,69.0,18,6,2021,0
Bangalore,2021-06-19,78,42.9,84.24,64.74,88.92,0.82,74.1,IN009010100,"BANGALORE, IN",0.0,74,82.0,69.0,19,6,2021,0
Bangalore,2021-06-27,41,22.55,44.28,34.03,46.74,0.43,38.95,IN009010100,"BANGALORE, IN",0.09,73,81.0,68.0,27,6,2021,0
Bangalore,2021-07-01,53,29.15,57.24,43.99,60.42,0.56,50.35,IN009010100,"BANGALORE, IN",0.1,78,91.0,73.0,1,7,2021,0
Bangalore,2021-07-06,46,25.3,49.68,38.18,52.44,0.48,43.7,IN009010100,"BANGALORE, IN",0.05,77,85.0,68.0,6,7,2021,0
Bangalore,2021-07-07,61,33.55,65.88,50.63,69.54,0.64,57.95,IN009010100,"BANGALORE, IN",0.0,76,86.0,72.0,7,7,2021,0
Bangalore,2021-07-08,54,29.7,58.32,44.82,61.56,0.57,51.3,IN009010100,"BANGALORE, IN",0.0,78,85.0,71.0,8,7,2021,0
Bangalore,2021-07-11,51,28.05,55.08,42.33,58.14,0.54,48.45,IN009010100,"BANGALORE, IN",0.02,73,80.0,68.0,11,7,2021,0
Bangalore,2021-07-12,51,28.05,55.08,42.33,58.14,0.54,48.45,IN009010100,"BANGALORE, IN",0.0,74,80.0,68.0,12,7,2021,0
Bangalore,2021-07-15,43,23.65,46.44,35.69,49.02,0.45,40.85,IN009010100,"BANGALORE, IN",0.74,71,78.0,68.0,15,7,2021,0
Bangalore,2021-07-17,47,25.85,50.76,39.01,53.58,0.49,44.65,IN009010100,"BANGALORE, IN",0.05,72,81.0,69.0,17,7,2021,0
Bangalore,2021-07-18,47,25.85,50.76,39.01,53.58,0.49,44.65,IN009010100,"BANGALORE, IN",0.7,71,83.0,68.0,18,7,2021,0
Bangalore,2021-07-20,57,31.35,61.56,47.31,64.98,0.6,54.15,IN009010100,"BANGALORE, IN",0.28,74,82.0,67.0,20,7,2021,0
Bangalore,2021-07-21,58,31.9,62.64,48.14,66.12,0.61,55.1,IN009010100,"BANGALORE, IN",0.0,71,82.0,69.0,21,7,2021,0
Bangalore,2021-07-23,54,29.7,58.32,44.82,61.56,0.57,51.3,IN009010100,"BANGALORE, IN",0.12,71,76.0,67.0,23,7,2021,0
Bangalore,2021-07-25,40,22.0,43.2,33.2,45.6,0.42,38.0,IN009010100,"BANGALORE, IN",0.96,74,82.0,69.0,25,7,2021,0
Bangalore,2021-07-26,50,27.5,54.0,41.5,57.0,0.53,47.5,IN009010100,"BANGALORE, IN",2.35,74,83.0,69.0,26,7,2021,0
Bangalore,2021-07-27,58,31.9,62.64,48.14,66.12,0.61,55.1,IN009010100,"BANGALORE, IN",0.0,74,83.0,68.0,27,7,2021,0
Bangalore,2021-08-01,57,31.35,61.56,47.31,64.98,0.6,54.15,IN009010100,"BANGALORE, IN",0.0,74,82.0,68.0,1,8,2021,0
Bangalore,2021-08-02,66,36.3,71.28,54.78,75.24,0.69,62.7,IN009010100,"BANGALORE, IN",0.0,74,81.0,67.0,2,8,2021,0
Bangalore,2021-08-07,57,31.35,61.56,47.31,64.98,0.6,54.15,IN009010100,"BANGALORE, IN",0.17,76,85.0,70.0,7,8,2021,0
Bangalore,2021-08-08,48,26.4,51.84,39.84,54.72,0.5,45.6,IN009010100,"BANGALORE, IN",0.05,77,87.0,69.0,8,8,2021,0
Bangalore,2021-08-09,69,37.95,74.52,57.27,78.66,0.72,65.55,IN009010100,"BANGALORE, IN",0.02,78,87.0,71.0,9,8,2021,0
Bangalore,2021-08-10,53,29.15,57.24,43.99,60.42,0.56,50.35,IN009010100,"BANGALORE, IN",0.0,75,87.0,71.0,10,8,2021,0
Bangalore,2021-08-11,59,32.45,63.72,48.97,67.26,0.62,56.05,IN009010100,"BANGALORE, IN",0.0,75,83.0,69.0,11,8,2021,0
Bangalore,2021-08-13,60,33.0,64.8,49.8,68.4,0.63,57.0,IN009010100,"BANGALORE, IN",0.15,74,81.0,68.0,13,8,2021,0
Bangalore,2021-08-14,69,37.95,74.52,57.27,78.66,0.72,65.55,IN009010100,"BANGALORE, IN",0.0,74,81.0,69.0,14,8,2021,0
Bangalore,2021-08-16,57,31.35,61.56,47.31,64.98,0.6,54.15,IN009010100,"BANGALORE, IN",0.0,73,82.0,69.0,16,8,2021,0
Bangalore,2021-08-17,58,31.9,62.64,48.14,66.12,0.61,55.1,IN009010100,"BANGALORE, IN",0.54,73,80.0,69.0,17,8,2021,0
Bangalore,2021-08-19,51,28.05,55.08,42.33,58.14,0.54,48.45,IN009010100,"BANGALORE, IN",0.01,74,83.0,69.0,19,8,2021,0
Bangalore,2021-08-20,57,31.35,61.56,47.31,64.98,0.6,54.15,IN009010100,"BANGALORE, IN",0.28,75,84.0,69.0,20,8,2021,0
Bangalore,2021-08-22,61,33.55,65.88,50.63,69.54,0.64,57.95,IN009010100,"BANGALORE, IN",0.22,73,82.0,67.0,22,8,2021,0
Bangalore,2021-08-23,54,29.7,58.32,44.82,61.56,0.57,51.3,IN009010100,"BANGALORE, IN",0.12,74,81.0,69.0,23,8,2021,0
Bangalore,2021-08-24,51,28.05,55.08,42.33,58.14,0.54,48.45,IN009010100,"BANGALORE, IN",0.15,76,84.0,69.0,24,8,2021,0
Bangalore,2021-08-25,53,29.15,57.24,43.99,60.42,0.56,50.35,IN009010100,"BANGALORE, IN",0.04,75,84.0,69.0,25,8,2021,0
Bangalore,2021-08-27,62,34.1,66.96,51.46,70.68,0.65,58.9,IN009010100,"BANGALORE, IN",0.98,73,87.0,69.0,27,8,2021,0
Bangalore,2021-08-29,38,20.9,41.04,31.54,43.32,0.4,36.1,IN009010100,"BANGALORE, IN",0.16,71,78.0,67.0,29,8,2021,0
Bangalore,2021-09-01,67,36.85,72.36,55.61,76.38,0.7,63.65,IN009010100,"BANGALORE, IN",0.0,74,85.0,70.0,1,9,2021,0
Bangalore,2021-09-03,45,24.75,48.6,37.35,51.3,0.47,42.75,IN009010100,"BANGALORE, IN",1.76,72,80.0,67.0,3,9,2021,0
Bangalore,2021-09-04,55,30.25,59.4,45.65,62.7,0.58,52.25,IN009010100,"BANGALORE, IN",0.0,72,79.0,69.0,4,9,2021,0
Bangalore,2021-09-05,46,25.3,49.68,38.18,52.44,0.48,43.7,IN009010100,"BANGALORE, IN",0.04,72,80.0,68.0,5,9,2021,0
Bangalore,2021-09-06,40,22.0,43.2,33.2,45.6,0.42,38.0,IN009010100,"BANGALORE, IN",0.31,73,81.0,68.0,6,9,2021,0
Bangalore,2021-09-07,41,22.55,44.28,34.03,46.74,0.43,38.95,IN009010100,"BANGALORE, IN",0.08,72,81.0,68.0,7,9,2021,0
Bangalore,2021-09-10,58,31.9,62.64,48.14,66.12,0.61,55.1,IN009010100,"BANGALORE, IN",0.0,75,84.0,68.0,10,9,2021,0
Bangalore,2021-09-12,55,30.25,59.4,45.65,62.7,0.58,52.25,IN009010100,"BANGALORE, IN",0.0,74,83.0,69.0,12,9,2021,0
Bangalore,2021-09-13,50,27.5,54.0,41.5,57.0,0.53,47.5,IN009010100,"BANGALORE, IN",0.0,75,82.0,70.0,13,9,2021,0
Bangalore,2021-09-20,63,34.65,68.04,52.29,71.82,0.66,59.85,IN009010100,"BANGALORE, IN",1.03,72,88.0,68.0,20,9,2021,0
Bangalore,2021-09-22,45,24.75,48.6,37.35,51.3,0.47,42.75,IN009010100,"BANGALORE, IN",0.44,75,85.0,69.0,22,9,2021,0
Bangalore,2021-09-23,55,30.25,59.4,45.65,62.7,0.58,52.25,IN009010100,"BANGALORE, IN",0.0,75,82.0,69.0,23,9,2021,0
Bangalore,2021-09-24,52,28.6,56.16,43.16,59.28,0.55,49.4,IN009010100,"BANGALORE, IN",0.01,75,83.0,69.0,24,9,2021,0
Bangalore,2021-09-25,64,35.2,69.12,53.12,72.96,0.67,60.8,IN009010100,"BANGALORE, IN",0.02,76,84.0,69.0,25,9,2021,0
Bangalore,2021-09-26,42,23.1,45.36,34.86,47.88,0.44,39.9,IN009010100,"BANGALORE, IN",0.48,74,85.0,68.0,26,9,2021,0
Bangalore,2021-09-27,42,23.1,45.36,34.86,47.88,0.44,39.9,IN009010100,"BANGALORE, IN",0.02,73,81.0,68.0,27,9,2021,0
Bangalore,2021-09-30,63,34.65,68.04,52.29,71.82,0.66,59.85,IN009010100,"BANGALORE, IN",0.0,75,82.0,69.0,30,9,2021,0
Bangalore,2021-10-04,56,30.8,60.48,46.48,63.84,0.59,53.2,IN009010100,"BANGALORE, IN",2.52,77,85.0,68.0,4,10,2021,0
Bangalore,2021-10-06,52,28.6,56.16,43.16,59.28,0.55,49.4,IN009010100,"BANGALORE, IN",1.52,73,82.0,68.0,6,10,2021,0
Bangalore,2021-10-09,48,26.4,51.84,39.84,54.72,0.5,45.6,IN009010100,"BANGALORE, IN",0.31,72,81.0,69.0,9,10,2021,0
Bangalore,2021-10-13,53,29.15,57.24,43.99,60.42,0.56,50.35,IN009010100,"BANGALORE, IN",0.72,73,82.0,67.0,13,10,2021,0
Bangalore,2021-10-14,50,27.5,54.0,41.5,57.0,0.53,47.5,IN009010100,"BANGALORE, IN",1.06,76,82.0,69.0,14,10,2021,0
Bangalore,2021-10-15,128,70.4,138.24,106.24,145.92,1.34,121.6,IN009010100,"BANGALORE, IN",1.56,74,84.0,71.0,15,10,2021,0
Bangalore,2021-10-17,62,34.1,66.96,51.46,70.68,0.65,58.9,IN009010100,"BANGALORE, IN",0.28,73,84.0,69.0,17,10,2021,0
Bangalore,2021-10-19,76,41.8,82.08,63.08,86.64,0.8,72.2,IN009010100,"BANGALORE, IN",0.6,75,82.0,69.0,19,10,2021,0
Bangalore,2021-10-21,84,46.2,90.72,69.72,95.76,0.88,79.8,IN009010100,"BANGALORE, IN",0.02,78,85.0,70.0,21,10,2021,0
Bangalore,2021-10-23,73,40.15,78.84,60.59,83.22,0.77,69.35,IN009010100,"BANGALORE, IN",0.68,75,89.0,69.0,23,10,2021,0
Bangalore,2021-10-24,49,26.95,52.92,40.67,55.86,0.51,46.55,IN009010100,"BANGALORE, IN",1.65,76,86.0,67.0,24,10,2021,0
Bangalore,2021-10-25,60,33.0,64.8,49.8,68.4,0.63,57.0,IN009010100,"BANGALORE, IN",0.0,75,85.0,70.0,25,10,2021,0
Bangalore,2021-11-03,56,30.8,60.48,46.48,63.84,0.59,53.2,IN009010100,"BANGALORE, IN",0.0,72,80.0,68.0,3,11,2021,0
Bangalore,2021-11-05,57,31.35,61.56,47.31,64.98,0.6,54.15,IN009010100,"BANGALORE, IN",2.2,71,83.0,67.0,5,11,2021,0
Bangalore,2021-11-17,59,32.45,63.72,48.97,67.26,0.62,56.05,IN009010100,"BANGALORE, IN",0.03,72,82.0,68.0,17,11,2021,0
Bangalore,2021-11-18,61,33.55,65.88,50.63,69.54,0.64,57.95,IN009010100,"BANGALORE, IN",0.14,69,81.0,68.0,18,11,2021,0
Bangalore,2021-11-20,47,25.85,50.76,39.01,53.58,0.49,44.65,IN009010100,"BANGALORE, IN",0.15,70,73.0,68.0,20,11,2021,0
Bangalore,2021-11-22,62,34.1,66.96,51.46,70.68,0.65,58.9,IN009010100,"BANGALORE, IN",0.2,73,80.0,69.0,22,11,2021,0
Bangalore,2021-11-24,63,34.65,68.04,52.29,71.82,0.66,59.85,IN009010100,"BANGALORE, IN",0.0,73,86.0,68.0,24,11,2021,0
Bangalore,2021-11-25,65,35.75,70.2,53.95,74.1,0.68,61.75,IN009010100,"BANGALORE, IN",0.45,73,81.0,67.0,25,11,2021,0
Bangalore,2021-11-26,74,40.7,79.92,61.42,84.36,0.78,70.3,IN009010100,"BANGALORE, IN",0.0,71,81.0,66.0,26,11,2021,0
Bangalore,2021-11-28,74,40.7,79.92,61.42,84.36,0.78,70.3,IN009010100,"BANGALORE, IN",0.0,70,74.0,68.0,28,11,2021,0
Bangalore,2021-11-29,55,30.25,59.4,45.65,62.7,0.58,52.25,IN009010100,"BANGALORE, IN",0.0,70,73.0,67.0,29,11,2021,0
Bangalore,2021-12-01,60,33.0,64.8,49.8,68.4,0.63,57.0,IN009010100,"BANGALORE, IN",0.0,71,80.0,68.0,1,12,2021,0
Bangalore,2021-12-04,95,52.25,102.6,78.85,108.3,1.0,90.25,IN009010100,"BANGALORE, IN",0.0,75,83.0,70.0,4,12,2021,0
Bangalore,2021-12-05,86,47.3,92.88,71.38,98.04,0.9,81.7,IN009010100,"BANGALORE, IN",0.04,74,83.0,68.0,5,12,2021,0
Bangalore,2021-12-06,86,47.3,92.88,71.38,98.04,0.9,81.7,IN009010100,"BANGALORE, IN",0.0,74,85.0,67.0,6,12,2021,0
Bangalore,2021-12-14,46,25.3,49.68,38.18,52.44,0.48,43.7,IN009010100,"BANGALORE, IN",0.11,70,76.0,65.0,14,12,2021,0
Bangalore,2022-01-01,51,28.05,55.08,42.33,58.14,0.54,48.45,IN009010100,"BANGALORE, IN",0.13,71,76.0,65.0,1,1,2022,0
Bangalore,2022-03-21,90,49.5,97.2,74.7,102.6,0.95,85.5,IN009010100,"BANGALORE, IN",0.24,76,92.0,70.0,21,3,2022,0
Bangalore,2022-03-22,86,47.3,92.88,71.38,98.04,0.9,81.7,IN009010100,"BANGALORE, IN",0.31,78,92.0,71.0,22,3,2022,0
Bangalore,2022-03-24,99,54.45,106.92,82.17,112.86,1.04,94.05,IN009010100,"BANGALORE, IN",0.0,81,92.0,74.0,24,3,2022,0
Bangalore,2022-04-15,72,39.6,77.76,59.76,82.08,0.76,68.4,IN009010100,"BANGALORE, IN",1.48,78,89.0,66.0,15,4,2022,0
Bangalore,2022-04-17,77,42.35,83.16,63.91,87.78,0.81,73.15,IN009010100,"BANGALORE, IN",2.01,78,93.0,68.0,17,4,2022,0
Bangalore,2022-04-19,73,40.15,78.84,60.59,83.22,0.77,69.35,IN009010100,"BANGALORE, IN",1.29,79,90.0,68.0,19,4,2022,0
Bangalore,2022-04-20,93,51.15,100.44,77.19,106.02,0.98,88.35,IN009010100,"BANGALORE, IN",0.0,82,93.0,71.0,20,4,2022,0
Bangalore,2022-04-30,82,45.1,88.56,68.06,93.48,0.86,77.9,IN009010100,"BANGALORE, IN",0.0,83,98.0,73.0,30,4,2022,0
Bangalore,2022-05-02,68,37.4,73.44,56.44,77.52,0.71,64.6,IN009010100,"BANGALORE, IN",2.13,79,93.0,68.0,2,5,2022,0
Bangalore,2022-05-04,73,40.15,78.84,60.59,83.22,0.77,69.35,IN009010100,"BANGALORE, IN",0.35,78,94.0,70.0,4,5,2022,0
Bangalore,2022-05-07,77,42.35,83.16,63.91,87.78,0.81,73.15,IN009010100,"BANGALORE, IN",0.2,79,92.0,70.0,7,5,2022,0
Bangalore,2022-05-10,84,46.2,90.72,69.72,95.76,0.88,79.8,IN009010100,"BANGALORE, IN",0.9,73,89.0,68.0,10,5,2022,0
Bangalore,2022-05-12,57,31.35,61.56,47.31,64.98,0.6,54.15,IN009010100,"BANGALORE, IN",0.21,70,77.0,67.0,12,5,2022,0
Bangalore,2022-05-13,65,35.75,70.2,53.95,74.1,0.68,61.75,IN009010100,"BANGALORE, IN",0.08,73,79.0,68.0,13,5,2022,0
Bangalore,2022-05-15,70,38.5,75.6,58.1,79.8,0.74,66.5,IN009010100,"BANGALORE, IN",0.83,77,85.0,70.0,15,5,2022,0
Bangalore,2022-05-17,61,33.55,65.88,50.63,69.54,0.64,57.95,IN009010100,"BANGALORE, IN",0.25,75,86.0,70.0,17,5,2022,0
Bangalore,2022-05-18,58,31.9,62.64,48.14,66.12,0.61,55.1,IN009010100,"BANGALORE, IN",4.51,76,84.0,68.0,18,5,2022,0
Bangalore,2022-05-20,76,41.8,82.08,63.08,86.64,0.8,72.2,IN009010100,"BANGALORE, IN",0.19,71,81.0,64.0,20,5,2022,0
Bangalore,2022-05-21,58,31.9,62.64,48.14,66.12,0.61,55.1,IN009010100,"BANGALORE, IN",0.15,73,81.0,66.0,21,5,2022,0
Bangalore,2022-05-22,77,42.35,83.16,63.91,87.78,0.81,73.15,IN009010100,"BANGALORE, IN",0.0,75,83.0,69.0,22,5,2022,0
Bangalore,2022-05-24,73,40.15,78.84,60.59,83.22,0.77,69.35,IN009010100,"BANGALORE, IN",0.0,79,87.0,72.0,24,5,2022,0
Bangalore,2022-05-27,73,40.15,78.84,60.59,83.22,0.77,69.35,IN009010100,"BANGALORE, IN",0.0,79,89.0,71.0,27,5,2022,0
Bangalore,2022-05-31,65,35.75,70.2,53.95,74.1,0.68,61.75,IN009010100,"BANGALORE, IN",0.27,75,87.0,69.0,31,5,2022,0
Bangalore,2022-06-01,67,36.85,72.36,55.61,76.38,0.7,63.65,IN009010100,"BANGALORE, IN",0.13,77,87.0,70.0,1,6,2022,0
Bangalore,2022-06-02,67,36.85,72.36,55.61,76.38,0.7,63.65,IN009010100,"BANGALORE, IN",0.0,78,88.0,72.0,2,6,2022,0
Bangalore,2022-06-06,62,34.1,66.96,51.46,70.68,0.65,58.9,IN009010100,"BANGALORE, IN",1.26,77,90.0,66.0,6,6,2022,0
Bangalore,2022-06-07,62,34.1,66.96,51.46,70.68,0.65,58.9,IN009010100,"BANGALORE, IN",0.03,77,87.0,70.0,7,6,2022,0
Bangalore,2022-06-08,59,32.45,63.72,48.97,67.26,0.62,56.05,IN009010100,"BANGALORE, IN",0.0,77,87.0,70.0,8,6,2022,0
Bangalore,2022-06-15,52,28.6,56.16,43.16,59.28,0.55,49.4,IN009010100,"BANGALORE, IN",1.22,75,89.0,68.0,15,6,2022,0
Bangalore,2022-06-17,56,30.8,60.48,46.48,63.84,0.59,53.2,IN009010100,"BANGALORE, IN",1.53,76,87.0,67.0,17,6,2022,0
Bangalore,2022-06-18,51,28.05,55.08,42.33,58.14,0.54,48.45,IN009010100,"BANGALORE, IN",1.69,75,87.0,70.0,18,6,2022,0
Bangalore,2022-06-19,45,24.75,48.6,37.35,51.3,0.47,42.75,IN009010100,"BANGALORE, IN",0.04,76,85.0,70.0,19,6,2022,0
Bangalore,2022-06-20,45,24.75,48.6,37.35,51.3,0.47,42.75,IN009010100,"BANGALORE, IN",0.08,75,85.0,69.0,20,6,2022,0
Bangalore,2022-06-22,46,25.3,49.68,38.18,52.44,0.48,43.7,IN009010100,"BANGALORE, IN",0.01,73,82.0,69.0,22,6,2022,0
Bangalore,2022-06-23,54,29.7,58.32,44.82,61.56,0.57,51.3,IN009010100,"BANGALORE, IN",0.0,74,79.0,69.0,23,6,2022,0
Bangalore,2022-06-27,65,35.75,70.2,53.95,74.1,0.68,61.75,IN009010100,"BANGALORE, IN",0.0,75,83.0,68.0,27,6,2022,0
Bangalore,2022-06-29,62,34.1,66.96,51.46,70.68,0.65,58.9,IN009010100,"BANGALORE, IN",0.0,75,85.0,70.0,29,6,2022,0
Bangalore,2022-06-30,55,30.25,59.4,45.65,62.7,0.58,52.25,IN009010100,"BANGALORE, IN",0.23,74,85.0,69.0,30,6,2022,0
Bangalore,2022-07-01,56,30.8,60.48,46.48,63.84,0.59,53.2,IN009010100,"BANGALORE, IN",0.14,74,84.0,69.0,1,7,2022,0
Bangalore,2022-07-02,77,42.35,83.16,63.91,87.78,0.81,73.15,IN009010100,"BANGALORE, IN",0.0,75,84.0,70.0,2,7,2022,0
Bangalore,2022-07-03,79,43.45,85.32,65.57,90.06,0.83,75.05,IN009010100,"BANGALORE, IN",0.0,74,83.0,70.0,3,7,2022,0
Bangalore,2022-07-05,52,28.6,56.16,43.16,59.28,0.55,49.4,IN009010100,"BANGALORE, IN",0.08,73,80.0,68.0,5,7,2022,0
Bangalore,2022-07-06,57,31.35,61.56,47.31,64.98,0.6,54.15,IN009010100,"BANGALORE, IN",0.01,72,80.0,69.0,6,7,2022,0
Bangalore,2022-07-08,57,31.35,61.56,47.31,64.98,0.6,54.15,IN009010100,"BANGALORE, IN",0.24,71,78.0,67.0,8,7,2022,0
Bangalore,2022-07-09,60,33.0,64.8,49.8,68.4,0.63,57.0,IN009010100,"BANGALORE, IN",0.28,71,78.0,68.0,9,7,2022,0
Bangalore,2022-07-10,48,26.4,51.84,39.84,54.72,0.5,45.6,IN009010100,"BANGALORE, IN",0.59,72,79.0,68.0,10,7,2022,0
Bangalore,2022-07-11,56,30.8,60.48,46.48,63.84,0.59,53.2,IN009010100,"BANGALORE, IN",0.03,71,79.0,68.0,11,7,2022,0
Bangalore,2022-07-12,62,34.1,66.96,51.46,70.68,0.65,58.9,IN009010100,"BANGALORE, IN",0.18,74,81.0,68.0,12,7,2022,0
Bangalore,2022-07-13,64,35.2,69.12,53.12,72.96,0.67,60.8,IN009010100,"BANGALORE, IN",0.04,71,81.0,67.0,13,7,2022,0
Bangalore,2022-07-14,57,31.35,61.56,47.31,64.98,0.6,54.15,IN009010100,"BANGALORE, IN",0.08,70,76.0,67.0,14,7,2022,0
Bangalore,2022-07-15,65,35.75,70.2,53.95,74.1,0.68,61.75,IN009010100,"BANGALORE, IN",0.09,72,78.0,67.0,15,7,2022,0
Bangalore,2022-07-16,73,40.15,78.84,60.59,83.22,0.77,69.35,IN009010100,"BANGALORE, IN",0.02,72,78.0,68.0,16,7,2022,0
Bangalore,2022-07-18,52,28.6,56.16,43.16,59.28,0.55,49.4,IN009010100,"BANGALORE, IN",0.01,73,81.0,70.0,18,7,2022,0
Bangalore,2022-07-21,86,47.3,92.88,71.38,98.04,0.9,81.7,IN009010100,"BANGALORE, IN",3.25,75,87.0,69.0,21,7,2022,0
Bangalore,2022-07-22,79,43.45,85.32,65.57,90.06,0.83,75.05,IN009010100,"BANGALORE, IN",0.0,74,82.0,70.0,22,7,2022,0
Bangalore,2022-07-23,76,41.8,82.08,63.08,86.64,0.8,72.2,IN009010100,"BANGALORE, IN",0.0,74,80.0,70.0,23,7,2022,0
Bangalore,2022-07-24,65,35.75,70.2,53.95,74.1,0.68,61.75,IN009010100,"BANGALORE, IN",0.01,73,80.0,68.0,24,7,2022,0
Bangalore,2022-07-25,67,36.85,72.36,55.61,76.38,0.7,63.65,IN009010100,"BANGALORE, IN",0.02,75,83.0,68.0,25,7,2022,0
Bangalore,2022-07-26,65,35.75,70.2,53.95,74.1,0.68,61.75,IN009010100,"BANGALORE, IN",0.0,75,83.0,70.0,26,7,2022,0
Bangalore,2022-07-27,73,40.15,78.84,60.59,83.22,0.77,69.35,IN009010100,"BANGALORE, IN",0.03,75,85.0,69.0,27,7,2022,0
Bangalore,2022-07-28,67,36.85,72.36,55.61,76.38,0.7,63.65,IN009010100,"BANGALORE, IN",0.12,77,86.0,70.0,28,7,2022,0
Bangalore,2022-07-30,70,38.5,75.6,58.1,79.8,0.74,66.5,IN009010100,"BANGALORE, IN",0.16,78,87.0,69.0,30,7,2022,0
Bangalore,2022-07-31,58,31.9,62.64,48.14,66.12,0.61,55.1,IN009010100,"BANGALORE, IN",1.9,74,89.0,69.0,31,7,2022,0
Bangalore,2022-08-01,67,36.85,72.36,55.61,76.38,0.7,63.65,IN009010100,"BANGALORE, IN",0.55,76,87.0,69.0,1,8,2022,0
Bangalore,2022-08-02,51,28.05,55.08,42.33,58.14,0.54,48.45,IN009010100,"BANGALORE, IN",1.81,73,87.0,68.0,2,8,2022,0
Bangalore,2022-08-03,50,27.5,54.0,41.5,57.0,0.53,47.5,IN009010100,"BANGALORE, IN",2.48,72,83.0,67.0,3,8,2022,0
Bangalore,2022-08-05,51,28.05,55.08,42.33,58.14,0.54,48.45,IN009010100,"BANGALORE, IN",0.31,71,76.0,68.0,5,8,2022,0
Bangalore,2022-08-06,86,47.3,92.88,71.38,98.04,0.9,81.7,IN009010100,"BANGALORE, IN",0.1,71,76.0,68.0,6,8,2022,0
Bangalore,2022-08-07,43,23.65,46.44,35.69,49.02,0.45,40.85,IN009010100,"BANGALORE, IN",0.15,71,76.0,68.0,7,8,2022,0
Bangalore,2022-08-08,53,29.15,57.24,43.99,60.42,0.56,50.35,IN009010100,"BANGALORE, IN",0.12,71,76.0,68.0,8,8,2022,0
Bangalore,2022-08-09,57,31.35,61.56,47.31,64.98,0.6,54.15,IN009010100,"BANGALORE, IN",0.1,72,79.0,68.0,9,8,2022,0
Bangalore,2022-08-10,65,35.75,70.2,53.95,74.1,0.68,61.75,IN009010100,"BANGALORE, IN",0.09,73,80.0,67.0,10,8,2022,0
Bangalore,2022-08-11,65,35.75,70.2,53.95,74.1,0.68,61.75,IN009010100,"BANGALORE, IN",0.0,73,81.0,67.0,11,8,2022,0
Bangalore,2022-08-12,58,31.9,62.64,48.14,66.12,0.61,55.1,IN009010100,"BANGALORE, IN",0.07,74,81.0,68.0,12,8,2022,0
Bangalore,2022-08-13,62,34.1,66.96,51.46,70.68,0.65,58.9,IN009010100,"BANGALORE, IN",0.01,74,82.0,68.0,13,8,2022,0
Bangalore,2022-08-14,62,34.1,66.96,51.46,70.68,0.65,58.9,IN009010100,"BANGALORE, IN",0.0,74,82.0,67.0,14,8,2022,0
Bangalore,2022-08-19,56,30.8,60.48,46.48,63.84,0.59,53.2,IN009010100,"BANGALORE, IN",0.0,75,86.0,70.0,19,8,2022,0
Bangalore,2022-08-22,43,23.65,46.44,35.69,49.02,0.45,40.85,IN009010100,"BANGALORE, IN",0.65,73,83.0,69.0,22,8,2022,0
Bangalore,2022-08-23,46,25.3,49.68,38.18,52.44,0.48,43.7,IN009010100,"BANGALORE, IN",0.31,75,83.0,69.0,23,8,2022,0
Bangalore,2022-08-25,40,22.0,43.2,33.2,45.6,0.42,38.0,IN009010100,"BANGALORE, IN",0.75,74,82.0,68.0,25,8,2022,0
Bangalore,2022-08-26,46,25.3,49.68,38.18,52.44,0.48,43.7,IN009010100,"BANGALORE, IN",1.63,73,82.0,69.0,26,8,2022,0
Bangalore,2022-08-27,44,24.2,47.52,36.52,50.16,0.46,41.8,IN009010100,"BANGALORE, IN",0.83,73,81.0,67.0,27,8,2022,0
Bangalore,2022-08-30,58,31.9,62.64,48.14,66.12,0.61,55.1,IN009010100,"BANGALORE, IN",3.7,75,84.0,68.0,30,8,2022,0
Bangalore,2022-08-31,65,35.75,70.2,53.95,74.1,0.68,61.75,IN009010100,"BANGALORE, IN",0.12,74,84.0,68.0,31,8,2022,0
Bangalore,2022-09-02,74,40.7,79.92,61.42,84.36,0.78,70.3,IN009010100,"BANGALORE, IN",0.47,74,83.0,68.0,2,9,2022,0
Bangalore,2022-09-03,70,38.5,75.6,58.1,79.8,0.74,66.5,IN009010100,"BANGALORE, IN",0.0,77,86.0,70.0,3,9,2022,0
Bangalore,2022-09-04,54,29.7,58.32,44.82,61.56,0.57,51.3,IN009010100,"BANGALORE, IN",1.61,75,86.0,69.0,4,9,2022,0
Bangalore,2022-09-05,45,24.75,48.6,37.35,51.3,0.47,42.75,IN009010100,"BANGALORE, IN",5.18,75,86.0,67.0,5,9,2022,0
Bangalore,2022-09-06,57,31.35,61.56,47.31,64.98,0.6,54.15,IN009010100,"BANGALORE, IN",1.57,74,88.0,68.0,6,9,2022,0
Bangalore,2022-09-07,44,24.2,47.52,36.52,50.16,0.46,41.8,IN009010100,"BANGALORE, IN",1.53,72,85.0,69.0,7,9,2022,0
Bangalore,2022-09-08,44,24.2,47.52,36.52,50.16,0.46,41.8,IN009010100,"BANGALORE, IN",0.16,72,79.0,68.0,8,9,2022,0
Bangalore,2022-09-11,48,26.4,51.84,39.84,54.72,0.5,45.6,IN009010100,"BANGALORE, IN",0.03,73,80.0,69.0,11,9,2022,0
Bangalore,2022-09-13,50,27.5,54.0,41.5,57.0,0.53,47.5,IN009010100,"BANGALORE, IN",0.0,73,83.0,67.0,13,9,2022,0
Bangalore,2022-09-14,50,27.5,54.0,41.5,57.0,0.53,47.5,IN009010100,"BANGALORE, IN",0.12,73,82.0,68.0,14,9,2022,0
Bangalore,2022-09-15,55,30.25,59.4,45.65,62.7,0.58,52.25,IN009010100,"BANGALORE, IN",0.01,74,82.0,68.0,15,9,2022,0
Bangalore,2022-09-16,85,46.75,91.8,70.55,96.9,0.89,80.75,IN009010100,"BANGALORE, IN",0.0,75,82.0,68.0,16,9,2022,0
Bangalore,2022-09-19,64,35.2,69.12,53.12,72.96,0.67,60.8,IN009010100,"BANGALORE, IN",0.01,75,85.0,69.0,19,9,2022,0
Bangalore,2022-09-20,80,44.0,86.4,66.4,91.2,0.84,76.0,IN009010100,"BANGALORE, IN",0.0,74,83.0,66.0,20,9,2022,0
Bangalore,2022-10-01,72,39.6,77.76,59.76,82.08,0.76,68.4,IN009010100,"BANGALORE, IN",0.72,70,78.0,66.0,1,10,2022,0
Bangalore,2022-10-04,126,69.3,136.08,104.58,143.64,1.32,119.7,IN009010100,"BANGALORE, IN",0.02,74,80.0,69.0,4,10,2022,0
Bangalore,2022-10-05,105,57.75,113.4,87.15,119.7,1.1,99.75,IN009010100,"BANGALORE, IN",0.0,75,81.0,69.0,5,10,2022,0
Bangalore,2022-10-07,109,59.95,117.72,90.47,124.26,1.14,103.55,IN009010100,"BANGALORE, IN",0.0,75,81.0,67.0,7,10,2022,0
Bangalore,2022-10-11,50,27.5,54.0,41.5,57.0,0.53,47.5,IN009010100,"BANGALORE, IN",1.11,75,83.0,71.0,11,10,2022,0
Bangalore,2022-10-12,64,35.2,69.12,53.12,72.96,0.67,60.8,IN009010100,"BANGALORE, IN",0.0,75,82.0,71.0,12,10,2022,0
Bangalore,2022-10-13,57,31.35,61.56,47.31,64.98,0.6,54.15,IN009010100,"BANGALORE, IN",0.16,75,84.0,69.0,13,10,2022,0
Bangalore,2022-10-14,66,36.3,71.28,54.78,75.24,0.69,62.7,IN009010100,"BANGALORE, IN",2.6,72,84.0,68.0,14,10,2022,0
Bangalore,2022-10-16,36,19.8,38.88,29.88,41.04,0.38,34.2,IN009010100,"BANGALORE, IN",1.38,72,80.0,68.0,16,10,2022,0
Bangalore,2022-10-18,54,29.7,58.32,44.82,61.56,0.57,51.3,IN009010100,"BANGALORE, IN",0.01,74,83.0,69.0,18,10,2022,0
Bangalore,2022-10-20,89,48.95,96.12,73.87,101.46,0.93,84.55,IN009010100,"BANGALORE, IN",2.4,74,86.0,67.0,20,10,2022,0
Bangalore,2022-10-21,69,37.95,74.52,57.27,78.66,0.72,65.55,IN009010100,"BANGALORE, IN",0.0,75,84.0,68.0,21,10,2022,0
Bangalore,2022-10-22,74,40.7,79.92,61.42,84.36,0.78,70.3,IN009010100,"BANGALORE, IN",0.0,74,82.0,67.0,22,10,2022,0
Bangalore,2022-10-23,102,56.1,110.16,84.66,116.28,1.07,96.9,IN009010100,"BANGALORE, IN",0.0,72,82.0,65.0,23,10,2022,0
Bangalore,2022-10-30,74,40.7,79.92,61.42,84.36,0.78,70.3,IN009010100,"BANGALORE, IN",0.42,73,80.0,66.0,30,10,2022,0
Bangalore,2022-10-31,95,52.25,102.6,78.85,108.3,1.0,90.25,IN009010100,"BANGALORE, IN",0.0,74,83.0,66.0,31,10,2022,0
Bangalore,2022-11-02,53,29.15,57.24,43.99,60.42,0.56,50.35,IN009010100,"BANGALORE, IN",0.31,70,80.0,66.0,2,11,2022,0
Bangalore,2022-11-03,54,29.7,58.32,44.82,61.56,0.57,51.3,IN009010100,"BANGALORE, IN",0.13,70,75.0,67.0,3,11,2022,0
Bangalore,2022-11-04,54,29.7,58.32,44.82,61.56,0.57,51.3,IN009010100,"BANGALORE, IN",0.31,72,79.0,68.0,4,11,2022,0
Bangalore,2022-11-05,49,26.95,52.92,40.67,55.86,0.51,46.55,IN009010100,"BANGALORE, IN",0.0,73,81.0,67.0,5,11,2022,0
Bangalore,2022-11-06,58,31.9,62.64,48.14,66.12,0.61,55.1,IN009010100,"BANGALORE, IN",0.0,72,81.0,66.0,6,11,2022,0
Bangalore,2022-11-07,119,65.45,128.52,98.77,135.66,1.25,113.05,IN009010100,"BANGALORE, IN",0.17,72,82.0,65.0,7,11,2022,0
Bangalore,2022-11-08,96,52.8,103.68,79.68,109.44,1.01,91.2,IN009010100,"BANGALORE, IN",0.0,74,84.0,64.0,8,11,2022,0
Bangalore,2022-11-11,111,61.05,119.88,92.13,126.54,1.17,105.45,IN009010100,"BANGALORE, IN",0.0,69,83.0,67.0,11,11,2022,0
Bangalore,2022-11-12,98,53.9,105.84,81.34,111.72,1.03,93.1,IN009010100,"BANGALORE, IN",0.03,69,72.0,67.0,12,11,2022,0
Bangalore,2022-11-15,67,36.85,72.36,55.61,76.38,0.7,63.65,IN009010100,"BANGALORE, IN",0.03,73,83.0,66.0,15,11,2022,0
Bangalore,2022-11-24,38,20.9,41.04,31.54,43.32,0.4,36.1,IN009010100,"BANGALORE, IN",0.12,70,78.0,69.0,24,11,2022,0
Bangalore,2022-11-26,63,34.65,68.04,52.29,71.82,0.66,59.85,IN009010100,"BANGALORE, IN",0.0,73,81.0,66.0,26,11,2022,0
Bangalore,2022-12-10,68,37.4,73.44,56.44,77.52,0.71,64.6,IN009010100,"BANGALORE, IN",0.17,66,71.0,62.0,10,12,2022,0
Bangalore,2022-12-13,59,32.45,63.72,48.97,67.26,0.62,56.05,IN009010100,"BANGALORE, IN",0.36,70,75.0,67.0,13,12,2022,0
Bangalore,2022-12-14,43,23.65,46.44,35.69,49.02,0.45,40.85,IN009010100,"BANGALORE, IN",0.3,70,78.0,65.0,14,12,2022,0
Bangalore,2022-12-27,42,23.1,45.36,34.86,47.88,0.44,39.9,IN009010100,"BANGALORE, IN",0.05,70,78.0,68.0,27,12,2022,0
Bangalore,2023-03-17,91,50.05,98.28,75.53,103.74,0.96,86.45,IN009010100,"BANGALORE, IN",0.12,76,91.0,68.0,17,3,2023,0
Bangalore,2023-03-18,63,34.65,68.04,52.29,71.82,0.66,59.85,IN009010100,"BANGALORE, IN",0.2,78,89.0,68.0,18,3,2023,0
Bangalore,2023-03-20,52,28.6,56.16,43.16,59.28,0.55,49.4,IN009010100,"BANGALORE, IN",0.0,80,91.0,70.0,20,3,2023,0
Bangalore,2023-03-31,68,37.4,73.44,56.44,77.52,0.71,64.6,IN009010100,"BANGALORE, IN",0.0,83,93.0,72.0,31,3,2023,0
Bangalore,2023-04-01,73,40.15,78.84,60.59,83.22,0.77,69.35,IN009010100,"BANGALORE, IN",0.0,83,95.0,74.0,1,4,2023,0
Bangalore,2023-04-07,76,41.8,82.08,63.08,86.64,0.8,72.2,IN009010100,"BANGALORE, IN",0.0,81,93.0,72.0,7,4,2023,0
Bangalore,2023-04-22,81,44.55,87.48,67.23,92.34,0.85,76.95,IN009010100,"BANGALORE, IN",0.28,82,95.0,72.0,22,4,2023,0
Bangalore,2023-04-23,73,40.15,78.84,60.59,83.22,0.77,69.35,IN009010100,"BANGALORE, IN",0.0,85,95.0,74.0,23,4,2023,0
Bangalore,2023-05-01,51,28.05,55.08,42.33,58.14,0.54,48.45,IN009010100,"BANGALORE, IN",1.02,76,90.0,71.0,1,5,2023,0
Bangalore,2023-05-02,59,32.45,63.72,48.97,67.26,0.62,56.05,IN009010100,"BANGALORE, IN",1.06,78,88.0,70.0,2,5,2023,0
Bangalore,2023-05-03,60,33.0,64.8,49.8,68.4,0.63,57.0,IN009010100,"BANGALORE, IN",0.03,76,87.0,71.0,3,5,2023,0
Bangalore,2023-05-05,52,28.6,56.16,43.16,59.28,0.55,49.4,IN009010100,"BANGALORE, IN",1.57,77,87.0,69.0,5,5,2023,0
Bangalore,2023-05-07,51,28.05,55.08,42.33,58.14,0.54,48.45,IN009010100,"BANGALORE, IN",0.1,76,85.0,70.0,7,5,2023,0
Bangalore,2023-05-10,54,29.7,58.32,44.82,61.56,0.57,51.3,IN009010100,"BANGALORE, IN",0.02,82,90.0,72.0,10,5,2023,0
Bangalore,2023-05-12,61,33.55,65.88,50.63,69.54,0.64,57.95,IN009010100,"BANGALORE, IN",0.53,78,92.0,70.0,12,5,2023,0
Bangalore,2023-05-13,63,34.65,68.04,52.29,71.82,0.66,59.85,IN009010100,"BANGALORE, IN",0.0,79,90.0,73.0,13,5,2023,0
Bangalore,2023-05-18,74,40.7,79.92,61.42,84.36,0.78,70.3,IN009010100,"BANGALORE, IN",0.0,85,96.0,77.0,18,5,2023,0
Bangalore,2023-05-21,72,39.6,77.76,59.76,82.08,0.76,68.4,IN009010100,"BANGALORE, IN",1.18,76,94.0,70.0,21,5,2023,0
Bangalore,2023-05-22,55,30.25,59.4,45.65,62.7,0.58,52.25,IN009010100,"BANGALORE, IN",1.24,77,92.0,70.0,22,5,2023,0
Bangalore,2023-05-24,63,34.65,68.04,52.29,71.82,0.66,59.85,IN009010100,"BANGALORE, IN",1.02,78,92.0,68.0,24,5,2023,0
Bangalore,2023-05-25,54,29.7,58.32,44.82,61.56,0.57,51.3,IN009010100,"BANGALORE, IN",0.06,78,90.0,71.0,25,5,2023,0
Bangalore,2023-05-26,50,27.5,54.0,41.5,57.0,0.53,47.5,IN009010100,"BANGALORE, IN",0.0,79,90.0,72.0,26,5,2023,0
Bangalore,2023-05-31,58,31.9,62.64,48.14,66.12,0.61,55.1,IN009010100,"BANGALORE, IN",2.57,78,88.0,67.0,31,5,2023,0
Bangalore,2023-06-01,53,29.15,57.24,43.99,60.42,0.56,50.35,IN009010100,"BANGALORE, IN",0.0,79,89.0,70.0,1,6,2023,0
Bangalore,2023-06-02,60,33.0,64.8,49.8,68.4,0.63,57.0,IN009010100,"BANGALORE, IN",0.0,80,89.0,73.0,2,6,2023,0
Bangalore,2023-06-11,43,23.65,46.44,35.69,49.02,0.45,40.85,IN009010100,"BANGALORE, IN",0.0,78,88.0,70.0,11,6,2023,0
Bangalore,2023-06-13,50,27.5,54.0,41.5,57.0,0.53,47.5,IN009010100,"BANGALORE, IN",0.83,78,91.0,71.0,13,6,2023,0
Bangalore,2023-06-15,54,29.7,58.32,44.82,61.56,0.57,51.3,IN009010100,"BANGALORE, IN",0.08,80,90.0,71.0,15,6,2023,0
Bangalore,2023-06-16,55,30.25,59.4,45.65,62.7,0.58,52.25,IN009010100,"BANGALORE, IN",0.0,80,89.0,71.0,16,6,2023,0
Bangalore,2023-06-19,45,24.75,48.6,37.35,51.3,0.47,42.75,IN009010100,"BANGALORE, IN",0.0,77,83.0,71.0,19,6,2023,0
Bangalore,2023-06-23,53,29.15,57.24,43.99,60.42,0.56,50.35,IN009010100,"BANGALORE, IN",0.3,76,87.0,70.0,23,6,2023,0
Bangalore,2023-06-24,48,26.4,51.84,39.84,54.72,0.5,45.6,IN009010100,"BANGALORE, IN",0.01,74,84.0,70.0,24,6,2023,0
Bangalore,2023-06-25,42,23.1,45.36,34.86,47.88,0.44,39.9,IN009010100,"BANGALORE, IN",0.02,76,84.0,70.0,25,6,2023,0
Bangalore,2023-06-26,38,20.9,41.04,31.54,43.32,0.4,36.1,IN009010100,"BANGALORE, IN",0.28,75,84.0,70.0,26,6,2023,0
Bangalore,2023-06-28,42,23.1,45.36,34.86,47.88,0.44,39.9,IN009010100,"BANGALORE, IN",0.08,75,85.0,69.0,28,6,2023,0
Bangalore,2023-07-04,34,18.7,36.72,28.22,38.76,0.36,32.3,IN009010100,"BANGALORE, IN",0.16,73,86.0,69.0,4,7,2023,0
Bangalore,2023-07-05,36,19.8,38.88,29.88,41.04,0.38,34.2,IN009010100,"BANGALORE, IN",0.05,73,81.0,68.0,5,7,2023,0
Bangalore,2023-07-06,37,20.35,39.96,30.71,42.18,0.39,35.15,IN009010100,"BANGALORE, IN",0.01,73,80.0,69.0,6,7,2023,0
Bangalore,2023-07-07,39,21.45,42.12,32.37,44.46,0.41,37.05,IN009010100,"BANGALORE, IN",0.01,73,80.0,69.0,7,7,2023,0
Bangalore,2023-07-08,38,20.9,41.04,31.54,43.32,0.4,36.1,IN009010100,"BANGALORE, IN",0.31,72,81.0,69.0,8,7,2023,0
Bangalore,2023-07-10,40,22.0,43.2,33.2,45.6,0.42,38.0,IN009010100,"BANGALORE, IN",0.04,74,81.0,70.0,10,7,2023,0
Bangalore,2023-07-12,49,26.95,52.92,40.67,55.86,0.51,46.55,IN009010100,"BANGALORE, IN",0.59,74,81.0,69.0,12,7,2023,0
Bangalore,2023-07-14,61,33.55,65.88,50.63,69.54,0.64,57.95,IN009010100,"BANGALORE, IN",0.98,74,81.0,68.0,14,7,2023,0
Bangalore,2023-07-16,48,26.4,51.84,39.84,54.72,0.5,45.6,IN009010100,"BANGALORE, IN",0.08,75,84.0,71.0,16,7,2023,0
Bangalore,2023-07-17,47,25.85,50.76,39.01,53.58,0.49,44.65,IN009010100,"BANGALORE, IN",0.0,75,83.0,70.0,17,7,2023,0
Bangalore,2023-07-18,57,31.35,61.56,47.31,64.98,0.6,54.15,IN009010100,"BANGALORE, IN",0.01,75,83.0,69.0,18,7,2023,0
Bangalore,2023-07-19,63,34.65,68.04,52.29,71.82,0.66,59.85,IN009010100,"BANGALORE, IN",0.0,74,84.0,69.0,19,7,2023,0
Bangalore,2023-07-24,41,22.55,44.28,34.03,46.74,0.43,38.95,IN009010100,"BANGALORE, IN",0.28,70,80.0,68.0,24,7,2023,0
Bangalore,2023-07-25,40,22.0,43.2,33.2,45.6,0.42,38.0,IN009010100,"BANGALORE, IN",0.28,71,77.0,68.0,25,7,2023,0
Bangalore,2023-07-26,45,24.75,48.6,37.35,51.3,0.47,42.75,IN009010100,"BANGALORE, IN",0.48,70,76.0,67.0,26,7,2023,0
Bangalore,2023-07-29,54,29.7,58.32,44.82,61.56,0.57,51.3,IN009010100,"BANGALORE, IN",0.08,73,83.0,68.0,29,7,2023,0
Bangalore,2023-07-31,47,25.85,50.76,39.01,53.58,0.49,44.65,IN009010100,"BANGALORE, IN",0.0,76,85.0,69.0,31,7,2023,0
Bangalore,2023-08-01,67,36.85,72.36,55.61,76.38,0.7,63.65,IN009010100,"BANGALORE, IN",0.0,75,85.0,69.0,1,8,2023,0
Bangalore,2023-08-05,58,31.9,62.64,48.14,66.12,0.61,55.1,IN009010100,"BANGALORE, IN",0.0,76,86.0,69.0,5,8,2023,0
Bangalore,2023-08-06,42,23.1,45.36,34.86,47.88,0.44,39.9,IN009010100,"BANGALORE, IN",0.01,76,84.0,70.0,6,8,2023,0
Bangalore,2023-08-07,50,27.5,54.0,41.5,57.0,0.53,47.5,IN009010100,"BANGALORE, IN",0.09,76,86.0,69.0,7,8,2023,0
Bangalore,2023-08-08,64,35.2,69.12,53.12,72.96,0.67,60.8,IN009010100,"BANGALORE, IN",0.0,76,85.0,69.0,8,8,2023,0
Bangalore,2023-08-10,65,35.75,70.2,53.95,74.1,0.68,61.75,IN009010100,"BANGALORE, IN",0.0,78,87.0,71.0,10,8,2023,0
Bangalore,2023-08-17,75,41.25,81.0,62.25,85.5,0.79,71.25,IN009010100,"BANGALORE, IN",0.0,78,89.0,71.0,17,8,2023,0
Bangalore,2023-08-18,68,37.4,73.44,56.44,77.52,0.71,64.6,IN009010100,"BANGALORE, IN",0.0,76,88.0,70.0,18,8,2023,0
Bangalore,2023-08-20,49,26.95,52.92,40.67,55.86,0.51,46.55,IN009010100,"BANGALORE, IN",0.32,76,84.0,68.0,20,8,2023,0
Bangalore,2023-08-24,82,45.1,88.56,68.06,93.48,0.86,77.9,IN009010100,"BANGALORE, IN",0.0,77,89.0,71.0,24,8,2023,0
Bangalore,2023-09-02,51,28.05,55.08,42.33,58.14,0.54,48.45,IN009010100,"BANGALORE, IN",0.0,77,85.0,72.0,2,9,2023,0
Bangalore,2023-09-03,51,28.05,55.08,42.33,58.14,0.54,48.45,IN009010100,"BANGALORE, IN",0.07,76,85.0,71.0,3,9,2023,0
Bangalore,2023-09-04,68,37.4,73.44,56.44,77.52,0.71,64.6,IN009010100,"BANGALORE, IN",0.01,73,83.0,70.0,4,9,2023,0
Bangalore,2023-09-06,34,18.7,36.72,28.22,38.76,0.36,32.3,IN009010100,"BANGALORE, IN",0.99,74,81.0,69.0,6,9,2023,0
Bangalore,2023-09-07,40,22.0,43.2,33.2,45.6,0.42,38.0,IN009010100,"BANGALORE, IN",0.0,75,84.0,70.0,7,9,2023,0
Bangalore,2023-09-08,48,26.4,51.84,39.84,54.72,0.5,45.6,IN009010100,"BANGALORE, IN",0.17,75,84.0,70.0,8,9,2023,0
Bangalore,2023-09-15,44,24.2,47.52,36.52,50.16,0.46,41.8,IN009010100,"BANGALORE, IN",0.0,75,82.0,69.0,15,9,2023,0
Bangalore,2023-09-16,40,22.0,43.2,33.2,45.6,0.42,38.0,IN009010100,"BANGALORE, IN",0.06,75,82.0,70.0,16,9,2023,0
Bangalore,2023-09-18,36,19.8,38.88,29.88,41.04,0.38,34.2,IN009010100,"BANGALORE, IN",0.36,74,85.0,69.0,18,9,2023,0
Bangalore,2023-09-20,56,30.8,60.48,46.48,63.84,0.59,53.2,IN009010100,"BANGALORE, IN",0.05,75,86.0,69.0,20,9,2023,0
Bangalore,2023-09-21,52,28.6,56.16,43.16,59.28,0.55,49.4,IN009010100,"BANGALORE, IN",0.42,75,86.0,69.0,21,9,2023,0
Bangalore,2023-09-22,61,33.55,65.88,50.63,69.54,0.64,57.95,IN009010100,"BANGALORE, IN",0.8,76,86.0,69.0,22,9,2023,0
Bangalore,2023-09-23,72,39.6,77.76,59.76,82.08,0.76,68.4,IN009010100,"BANGALORE, IN",0.05,78,86.0,71.0,23,9,2023,0
Bangalore,2023-09-25,44,24.2,47.52,36.52,50.16,0.46,41.8,IN009010100,"BANGALORE, IN",0.24,74,86.0,70.0,25,9,2023,0
Bangalore,2023-09-26,43,23.65,46.44,35.69,49.02,0.45,40.85,IN009010100,"BANGALORE, IN",0.89,73,83.0,70.0,26,9,2023,0
Bangalore,2023-10-01,39,21.45,42.12,32.37,44.46,0.41,37.05,IN009010100,"BANGALORE, IN",0.02,75,83.0,70.0,1,10,2023,0
Bangalore,2023-10-02,52,28.6,56.16,43.16,59.28,0.55,49.4,IN009010100,"BANGALORE, IN",0.0,76,85.0,68.0,2,10,2023,0
Bangalore,2023-10-05,85,46.75,91.8,70.55,96.9,0.89,80.75,IN009010100,"BANGALORE, IN",0.0,79,86.0,71.0,5,10,2023,0
Bangalore,2023-10-11,77,42.35,83.16,63.91,87.78,0.81,73.15,IN009010100,"BANGALORE, IN",0.04,74,85.0,70.0,11,10,2023,0
Bangalore,2023-11-04,46,25.3,49.68,38.18,52.44,0.48,43.7,IN009010100,"BANGALORE, IN",0.09,74,88.0,69.0,4,11,2023,0
Bangalore,2023-11-05,43,23.65,46.44,35.69,49.02,0.45,40.85,IN009010100,"BANGALORE, IN",0.07,75,84.0,69.0,5,11,2023,0
Bangalore,2023-11-07,49,26.95,52.92,40.67,55.86,0.51,46.55,IN009010100,"BANGALORE, IN",2.8,71,84.0,66.0,7,11,2023,0
Bangalore,2023-11-09,62,34.1,66.96,51.46,70.68,0.65,58.9,IN009010100,"BANGALORE, IN",0.0,74,83.0,69.0,9,11,2023,0
